PCA_1,PCA_2
1.3672164065218428,0.9937280380025338
-1.3764139916416842,-0.9642745367394174
1.4373571356774995,0.8775868489732931
-1.2549461021642712,-0.28857972807651083
0.29855780588335035,0.14127793007109146
1.144760555199742,0.7991493232586715
0.5888002174415652,0.9760698224828167
-1.322040604794951,0.7741820439700301
-2.0031671818573997,0.6987409172163916
-4.684383137737457,3.096062368396359
-1.9360726792267198,-0.36402085483014923
-1.797159073637979,0.21249410282711215
1.0853566526224137,-1.1583654293479289
-0.28726344836688705,0.7356163032036797
-1.9484878796074527,-0.04578283192735128
2.5754523928626347,0.22029098873138775
-1.6458302676685053,0.4707710375815756
-0.6023362606865673,0.5373004565975507
1.9138197854278434,1.7722959741281907
-1.2375003860529432,-0.38775957908215614
-0.7697666018600531,0.7112245568607124
3.9943171891359643,-3.8644714628717574
-0.19267421316726951,0.32116119451609504
0.9622386668344713,0.3158989078303751
-0.5056867569670402,1.5401011404957572
-1.4223764433377568,-0.11465562781334913
-0.795929168525255,0.7053092480840322
2.7628109058803174,4.622287597905076
-0.5104113572944219,-1.161937361254586
2.833797649416039,-0.563495378674828
-1.0912020958140647,-0.3485408162248453
0.07675407786313124,-1.423254550375194
-0.880163471864049,-0.615729458716972
-0.41746020340175377,0.26419650532874367
0.5233437961178348,0.19824261925844278
-1.6122830163531654,-0.0606098484416948
2.457670838208501,-0.5693668320463465
-1.4435084942723637,0.09848723530712329
-1.2039531347376036,-0.9191404651054265
1.5732245147412633,0.5074812236132545
1.33467914321873,0.435733373316721
-1.797159073637979,0.21249410282711215
-1.545188513722486,-1.1233716204882356
-0.0970509599482652,-1.8014098060211652
-1.2425309017835384,-0.6068177509793087
1.291364760841834,-1.644612243737208
-1.6407997519379103,0.6898292094787283
-2.339372045111687,0.713567933730735
-1.0650395291488626,-0.34262550744816517
0.5887882024379856,1.2854399930531124
1.2017940263692317,-0.7017287925821747
3.1663041628434674,-0.154989212504048
-1.6122830163531654,-0.0606098484416948
2.198633524049663,-1.4885554143545348
1.0169179690844181,-0.4286248413133676
3.2719764325200815,-1.5300736986767067
1.7379664941001174,-0.33248524467386714
-0.8516467362793043,-1.3661685166373951
-1.4274069590683518,-0.3337137997105018
0.1928855362067361,1.51636241624375
2.167428426650286,-1.4041587244580713
1.3618396828925796,-0.33835669804538565
0.8827289638230588,1.6968987027797138
0.9461371316304594,0.7480999428480007
0.6310763343143588,0.2404139256715755
-1.7461661062113112,-0.41806663420180357
-1.9360726792267198,-0.36402085483014923
3.225720080424375,1.493155369532256
0.9833707177690784,0.10275604470990264
0.05192367710166557,-0.7867785045695983
1.4665139795605464,-0.9334358040792572
-1.6458302676685053,0.4707710375815756
1.892675719489657,2.2948090078189596
0.6891360559843712,1.8649074942661952
-0.3255353000096083,-1.4350413125233932
-1.7511966219419062,-0.6371248060989562
0.9984742799644427,0.4505603898310648
1.9503492989574487,-0.2666527031540143
-1.1754363991528587,-1.6695795230258494
0.4656822316536229,2.45033415966112
-1.283462837749016,0.4618593298439122
-1.9360726792267198,-0.36402085483014923
-1.4609542103836917,0.19766708631276864
0.07675407786313124,-1.423254550375194
3.2719764325200815,-1.5300736986767067
-1.5911509654185585,-0.2737527115621673
-1.0985867804642024,0.18875537857510521
-0.2996786487476199,1.0538543261064774
1.5953665536880972,-0.7950371902163014
0.03683212990988082,-1.4439530202610564
0.016726329475796695,1.8945615272948828
-1.9360726792267198,-0.36402085483014923
1.1189039039377533,-1.689746315371199
-1.7636118223226391,-0.31888678319615826
-0.901295522798656,-0.4025865955964997
-1.4274069590683518,-0.3337137997105018
0.606245933552893,0.8768899714771714
-1.6122830163531654,-0.0606098484416948
2.6475774112239097,-0.623412611418001
0.2811120897720226,0.2404577810767367
-1.797159073637979,0.21249410282711215
-1.4274069590683518,-0.3337137997105018
2.1459904603124658,1.2919644685155913
0.6347626691376378,0.12645091355674798
2.0821961503028446,-1.9451920511202887
-1.3938597077530122,-0.8650946857337721
-0.9472579744947287,0.4470323133295687
1.4896822690079035,0.8894174665266534
-1.271047637368283,0.14362130694111425
0.6981708369450383,-0.8223478463749656
2.25166272998908,-0.08312001765706697
-0.1208430952056285,1.6510677536496012
0.5327767342843025,1.3875723876145794
2.441569303004489,-0.1371657970287214
0.2700410702986056,0.8917169879915147
-1.2375003860529432,-0.38775957908215614
1.2839920911952758,-1.4166862195075536
-0.3879052023129064,2.3297589612734906
-1.2039531347376036,-0.9191404651054265
-1.4274069590683518,-0.3337137997105018
1.134699523738552,0.3610329794643661
-1.0526243287681298,-0.660863530350963
-1.7636118223226391,-0.31888678319615826
-1.7636118223226391,-0.31888678319615826
3.1612736471128726,-0.37404738440120083
1.0977718530031464,-1.4766034522507265
1.3051241421298827,-1.6298290826280262
-1.2549461021642712,-0.28857972807651083
0.05765826544127433,0.8258844464716616
1.3246060967539603,0.30698720009271174
0.31600352199467824,0.04209807906544621
0.27208932381493534,2.6183429511476017
1.1135674728039453,0.5741758425848389
1.1870366720725354,0.06349342644743029
-0.8083443689059878,1.0235472709868298
2.1040202588428856,-0.45535996452635763
-1.9484878796074527,-0.04578283192735128
-1.5898067845112425,0.05926847244981253
-1.3764139916416842,-0.9642745367394174
-1.6122830163531654,-0.0606098484416948
2.077857692177684,-0.46127527330303797
0.1784220823096735,0.10797447599046085
2.302655697415748,-0.7136807546859829
1.4648638832500174,1.216523341761953
-0.929812258383401,0.3478524623239234
-0.5587279779100377,0.4440359143685855
-1.4274069590683518,-0.3337137997105018
-2.1209487365115334,-0.09091690356134224
-1.1321340317795423,0.7201362645983758
-0.5104113572944219,-1.161937361254586
0.879348544402993,-0.672118614958649
0.18785502047614114,1.2973042443465974
-0.3208106996822267,1.2669971892269503
-1.1036172961947974,-0.030302793322047376
1.994661654342992,1.033687533761128
1.429984466030941,1.1055128732029473
-0.4721395056517006,1.0087202544724865
-1.3603124564376723,-1.3964755717570425
-0.13194239217092063,-1.6030501040098746
1.6151544237153885,-1.3412012373487536
-1.9360726792267198,-0.36402085483014923
1.957428068204373,1.6790314318992257
-1.4733694107644246,0.5159051092155666
1.7329359783695224,-0.5515434165710199
3.0397538083283266,-3.8133007379106383
-1.2549461021642712,-0.28857972807651083
1.234343304675924,-0.45310429846665806
-0.009130321786191909,-0.594334111334988
1.0977718530031464,-1.4766034522507265
-1.0526243287681298,-0.660863530350963
-1.7636118223226391,-0.31888678319615826
-1.797159073637979,0.21249410282711215
-1.0861715800834695,-0.12948264432769271
-1.0526243287681298,-0.660863530350963
-0.8503025553719882,-1.0331473326254155
2.500985220585397,1.5109787850075826
2.2456342412498382,0.47782719058456713
-1.6122830163531654,-0.0606098484416948
-0.9905603418680451,-1.9426834742946566
2.6475774112239097,-0.623412611418001
-0.5775058599251015,-0.09917558920804519
-1.2375003860529432,-0.38775957908215614
2.4016473550512383,-0.1578642669145835
-1.388829192022417,-0.6460365138366195
-1.4274069590683518,-0.3337137997105018
-2.1159182207809386,0.12814126833581038
-1.2213988508489315,-0.8199606140997812
0.5663239855996426,0.8561915015913093
2.5485857535884193,-1.1792290991894003
-1.6122830163531654,-0.0606098484416948
-1.5612900489264976,-0.6911705854706105
2.916687771847517,0.42452214411419653
-1.2250851856722105,-0.705997601984954
-1.6458302676685053,0.4707710375815756
-0.2661313974322801,0.5224734400832071
-1.9310421634961248,-0.1449626829329966
2.0057326738164094,0.38242832684635075
1.271576890814543,-1.098448196604756
1.250444839879936,-0.8853053334842833
-1.1532660827141492,0.9332791277188481
0.5451919346650353,1.0693343647117814
1.5940223727807814,-1.128058374228281
2.1087568741738467,1.9373083666536892
2.615374340815886,0.24098945861724963
-1.7636118223226391,-0.31888678319615826
-1.7126188548959713,-0.949447520225074
-2.1333639368922666,0.22732111934145569
-0.400014487290426,0.1650166543230984
-1.4274069590683518,-0.3337137997105018
1.3591916135734028,2.5916078279346118
-0.1990368948016004,-0.5402883319633337
1.9738355188115986,-1.2361499329715897
-0.8083443689059878,1.0235472709868298
0.1965718710300154,1.4023994041289232
1.4426935668113077,-1.3863353089827446
-0.35435795099756673,1.7983780752502203
-2.1209487365115334,-0.09091690356134224
2.4516423494692585,-0.008419623804712041
-0.774797117590648,0.4921663849635597
2.0738654419511913,2.13566806866498
-0.6617401632638957,-1.4202142960090494
1.287678426018555,-1.530649231622381
1.6819430109428546,0.07901732045789592
-1.1321340317795423,0.7201362645983758
2.3234818329471416,1.556156712046735
-1.283462837749016,0.4618593298439122
-0.3369122348862389,1.6991982242445751
-0.03765907237451659,0.46547511715573114
1.275263225637822,-1.212411208719583
-2.1209487365115334,-0.09091690356134224
-0.10608574090893232,0.8858455346199959
-0.26478721652496434,0.8554946240951871
-2.1209487365115334,-0.09091690356134224
-1.024107593183385,-1.411302588271386
2.413052567419744,0.6132732608917019
-1.2549461021642712,-0.28857972807651083
-1.7636118223226391,-0.31888678319615826
1.3407076319579725,-0.12521383492491323
-1.271047637368283,0.14362130694111425
-1.3814445073722792,-1.1833327086365701
1.8892953000695911,-0.07420830991940361
0.6646235856296985,-0.29096696035169506
-2.1544959878268735,0.44046398246192814
2.207350374603537,-1.3834602545722094
1.5615133869695443,2.2193240256601596
-1.5787357650378255,-0.5919907344649652
0.1136817485985368,0.4143818813398984
1.093779602776654,1.1203398897172907
1.6738662686872827,-1.0866614344565568
1.2887166915226573,1.2853522822427892
-1.797159073637979,0.21249410282711215
-1.5787357650378255,-0.5919907344649652
3.351180220128281,-0.4280931637728551
-0.7412498662753082,-0.03921450105971077
1.0246248316260649,0.7658458691780409
-1.5787357650378255,-0.5919907344649652
0.39520730960287725,1.144078613969298
0.34820659240270224,-0.8223039909698039
-1.0700700448794578,-0.5616836793453177
-2.1209487365115334,-0.09091690356134224
-1.7461661062113112,-0.41806663420180357
1.5551386903316335,1.6672446697510268
-0.23258414611694017,-0.008907445940063258
-2.305824793796347,0.18218704770746472
-0.7908986527946601,0.9243674199811848
-1.271047637368283,0.14362130694111425
1.8399524289534528,-1.5936067187316987
-1.2536019212569554,0.04444145593546901
0.7354044230836572,-1.4676917445130633
-1.2200546699416153,-0.48693943008780144
-0.3564062045138964,0.0717521120941333
-0.9187412389099839,-0.3034067445908543
-0.3875992869096931,-0.1532213685796995
-1.2549461021642712,-0.28857972807651083
-1.4398221594490848,-0.015475776807703831
1.6695278105621219,0.3972553433606938
1.4809654184540293,0.7843223067443282
0.5629435661795765,-1.5128258161470542
1.4601392829226356,-1.48551515998839
1.236379543188674,1.582891835259725
-1.288493353479611,0.24280115794675958
-0.3369122348862389,1.6991982242445751
-0.6023362606865673,0.5373004565975507
0.8182945455151356,-0.47967422172403895
-1.2425309017835384,-0.6068177509793087
-1.4435084942723637,0.09848723530712329
2.026864724751016,0.16928546372587783
1.2947451802618999,0.7244050740011552
2.015101647672165,-0.8824302790737478
-0.5056867569670402,1.5401011404957572
-1.7636118223226391,-0.31888678319615826
-1.271047637368283,0.14362130694111425
1.306456308033619,-0.9874377280457501
-1.8307063249533189,0.7438749888503826
-1.7300645710072993,-0.8502676692194285
0.8732960256565911,0.5075689344235774
-1.7636118223226391,-0.31888678319615826
-1.6458302676685053,0.4707710375815756
0.5840756171141835,-1.7259686792675266
1.7873093652162557,1.1869131641384276
-0.901295522798656,-0.4025865955964997
1.0464729701732656,1.6369376146313792
-0.8677482714833161,-0.93396748161977
-0.9808052258100686,0.9784131993528391
-1.271047637368283,0.14362130694111425
2.281523646481141,-0.5005378915655103
-1.8307063249533189,0.7438749888503826
1.6537321907613234,-1.6535239514748714
0.38279210922214446,1.4623166368720957
-0.20272322962487951,-0.4263253198485065
-1.0861715800834695,-0.12948264432769271
-1.6122830163531654,-0.0606098484416948
2.2342170138777524,0.01605983334857832
2.0792018730849993,-0.12825408929105797
-0.1990368948016004,-0.5402883319633337
-1.2425309017835384,-0.6068177509793087
-1.4609542103836917,0.19766708631276864
0.5169811144835038,-0.6632069072209856
-1.3938597077530122,-0.8650946857337721
0.16466270102162484,0.09319131488127903
1.5852935072233278,-0.9237833634403104
-1.9360726792267198,-0.36402085483014923
-1.9360726792267198,-0.36402085483014923
0.5129888642570113,1.9337364347470316
0.3529311927300838,1.8797345107805388
1.2940531226564658,-0.9785698757132482
-1.6246982167338984,0.25762817446110314
-1.7636118223226391,-0.31888678319615826
-1.2089836504681986,-1.1381986370025792
-1.283462837749016,0.4618593298439122
-2.1209487365115334,-0.09091690356134224
-1.01907707745279,-1.1922444163742336
0.7314121728571648,1.1292515974549542
-1.7461661062113112,-0.41806663420180357
-1.797159073637979,0.21249410282711215
1.9315594019388052,-0.5004940361603485
1.5813132720004148,1.363789807957411
-1.9484878796074527,-0.04578283192735128
1.885608965246312,0.039754702195423895
1.1115312342911952,-1.4618202911415445
1.7590985450347243,-0.5456281077943395
-1.0650395291488626,-0.34262550744816517
0.26499853956443087,0.9820289866646581
1.0903871683530084,-0.9393072574507758
-2.1209487365115334,-0.09091690356134224
1.3785933413984732,-2.1405114987654343
-1.5787357650378255,-0.5919907344649652
1.0766398020685395,-1.263460589130254
-1.6122830163531654,-0.0606098484416948
-1.7511966219419062,-0.6371248060989562
1.9117715319115138,0.04567001097210357
1.4722485679001551,0.6792271469620027
0.9142399766256486,-0.8704783169699395
1.6151544237153885,-1.3412012373487536
0.8491937275112987,1.9189094182326882
-1.6122830163531654,-0.0606098484416948
-1.2549461021642712,-0.28857972807651083
1.0803261368918184,-1.3774236012450813
0.6807251208337105,-0.7231679953693203
0.3720270051519408,-0.36940448606631676
2.1513268914462746,-0.9719576894404462
1.134699523738552,0.3610329794643661
-0.6952874145792354,-0.888833409985779
-2.305824793796347,0.18218704770746472
0.08013449728319703,0.945762767363169
0.9622386668344713,0.3158989078303751
2.8935074673965806,-1.0889609559214184
-1.6122830163531654,-0.0606098484416948
0.8619028282916652,-0.5729387639530037
-0.17522849705594168,0.22198134351044976
-1.5787357650378255,-0.5919907344649652
-0.9808052258100686,0.9784131993528391
-1.1915379343568706,-1.2373784880082246
0.6273659694839202,0.9731172789269948
-1.6458302676685053,0.4707710375815756
-1.438477978541769,0.317545407204276
-2.1159182207809386,0.12814126833581038
-1.9484878796074527,-0.04578283192735128
0.8806807103067292,-0.02972726037637321
-1.7636118223226391,-0.31888678319615826
-2.1209487365115334,-0.09091690356134224
-1.9149406282921129,-0.5771637179506215
-0.6023362606865673,0.5373004565975507
-1.1321340317795423,0.7201362645983758
-1.1579906830415307,-1.7687593740314949
-1.1865074186262756,-1.0183203161110719
-0.11345841055549045,1.1137715588496506
2.2888963161276994,-0.7284639157951647
-1.2375003860529432,-0.38775957908215614
0.6894299563840051,-0.30870266501669874
1.9527034678769914,-1.0230070698511173
-0.1990368948016004,-0.5402883319633337
1.0430925507531996,-0.7320797031069838
-0.7623819172099151,0.17392836206076176
1.7030750618774617,-0.13412554266257654
2.5311400374770914,-1.080049248183755
-1.283462837749016,0.4618593298439122
-1.9310421634961248,-0.1449626829329966
-1.7636118223226391,-0.31888678319615826
-1.2324698703223484,-0.16870140718500348
-1.2375003860529432,-0.38775957908215614
1.611162173488896,1.2557421046192636
-0.7077026149599683,-0.5705953870829811
-0.795929168525255,0.7053092480840322
0.08013449728319703,0.945762767363169
-1.5787357650378255,-0.5919907344649652
-1.6246982167338984,0.25762817446110314
-0.4385922543363608,0.47733936844921604
-2.0031671818573997,0.6987409172163916
0.1965718710300154,1.4023994041289232
-1.6458302676685053,0.4707710375815756
0.33210505719869027,-0.39010295595217886
3.195859163932315,1.910573243440699
-0.278546597813013,0.840711462986005
1.2031382072765473,-0.36870760857019474
1.8050609967307971,-1.395247016720408
-1.0526243287681298,-0.660863530350963
1.4665019645569668,-0.6240656335089613
2.627789541196618,-0.07724856428554813
0.6555888046690315,2.396288380289466
-1.6122830163531654,-0.0606098484416948
-1.4274069590683518,-0.3337137997105018
-2.1209487365115334,-0.09091690356134224
1.270232709907227,-1.4314693806167356
2.3127287438805175,-0.5849345814619733
-2.1209487365115334,-0.09091690356134224
3.1562431313822774,-0.5931055562983533
0.7293519043372555,-0.28800419513083664
-1.2213988508489315,-0.8199606140997812
2.0828882079082787,-0.2422171014058852
0.7367365889873934,-0.8253003899307871
-0.009436237189405384,1.8886462185182022
1.6212232049500859,1.693858448413569
2.14464627940515,0.9589432845036118
-1.2213988508489315,-0.8199606140997812
-1.3938597077530122,-0.8650946857337721
1.2947451802618999,0.7244050740011552
-0.20302914502809288,2.056655010004684
-1.2499155864336762,-0.06952155617935817
-1.797159073637979,0.21249410282711215
-1.9484878796074527,-0.04578283192735128
-0.5228265576751547,-0.843699338351788
-1.545188513722486,-1.1233716204882356
-1.9484878796074527,-0.04578283192735128
-1.9484878796074527,-0.04578283192735128
-2.1209487365115334,-0.09091690356134224
-1.1707117988254772,1.0324589787244933
1.4390072319880287,-1.2723722968679174
-1.797159073637979,0.21249410282711215
0.6931283062108636,-0.732035847701822
2.1389116910655415,-0.6537196665376481
1.6946924042186764,1.1831760322761609
-1.0700700448794578,-0.5616836793453177
0.6719962552762567,-0.5188929845813495
1.6037774888387581,1.7930382994192142
-0.6358835120019072,1.0686813426208208
2.063100337880988,0.3039469457265672
-0.5899210603058344,0.21906243369475273
0.36430812760671444,-1.2545050259874293
1.4279362125146116,-0.6211130899531396
-0.370165585801945,0.05696895098495132
2.3573349996656945,-1.4582045038297258
-1.0861715800834695,-0.12948264432769271
1.8399524289534528,-1.5936067187316987
-1.309625404414218,0.4559440210672321
2.050991052903468,-1.8607953612238255
1.250444839879936,-0.8853053334842833
-2.1209487365115334,-0.09091690356134224
0.5713545013302375,1.0752496734884618
1.2662284446771552,1.4748441319215784
3.1713346785740626,0.06406895939310449
-2.1209487365115334,-0.09091690356134224
1.6547704562654257,1.1624775623902988
-1.7636118223226391,-0.31888678319615826
-1.3764139916416842,-0.9642745367394174
1.6148485083121749,1.1417790925044367
-1.024107593183385,-1.411302588271386
0.5663239855996426,0.8561915015913093
0.4324408957414964,0.49873471583120027
-0.29833446784030404,1.3868755101184576
-1.5948373002418375,-0.15978969944734012
-1.4274069590683518,-0.3337137997105018
-1.1693676179181614,1.3654801627364732
-0.2151384300056124,-0.10808729694570854
1.4628276447372672,-0.8194727919644301
3.204881929889402,-0.46731192663016585
0.1784220823096735,0.10797447599046085
0.9162762151383989,1.1655178167564437
-1.7636118223226391,-0.31888678319615826
-1.1321340317795423,0.7201362645983758
1.074273618145417,-0.19773605186285467
-0.6570155629365141,1.2818242057412934
1.3980632810189715,0.10567495452559969
-0.657719635545528,-0.11178057340281372
0.7240274882070269,1.6665477922549046
1.1608620904037537,0.36694828824104625
-0.8727787872139112,-1.1530256535169225
0.7568706669133528,-0.2584378729124728
2.441569303004489,-0.1371657970287214
1.9090831700968822,-0.620372357051856
-1.9310421634961248,-0.1449626829329966
-1.3938597077530122,-0.8650946857337721
-1.304594888683623,0.6750021929643848
0.6273659694839202,0.9731172789269948
-1.3938597077530122,-0.8650946857337721
2.0949974928857986,1.922525205544507
2.342577645368998,-0.6929822848001206
2.3573349996656945,-1.4582045038297258
-1.2499155864336762,-0.06952155617935817
1.1434163742924262,0.46612813924669155
-0.929812258383401,0.3478524623239234
2.044310440862344,0.07010561272023266
-0.28223293263629207,0.9546744751008324
1.7802426109729108,-1.0681411414851083
-0.46710898992110567,1.2277784263696392
2.1301948405116673,-0.7588148263199739
-1.4559236946530967,0.41672525820992123
-1.7636118223226391,-0.31888678319615826
1.2541311747032153,-0.9992683455991105
1.509482154038774,0.03388324882390494
-1.6122830163531654,-0.0606098484416948
0.03447796099033773,-0.687598653563953
-0.08125534014746653,0.24936948881440008
0.3669844744177661,-0.27909248739317327
-1.0475938130375348,-0.44180535845381047
-1.9484878796074527,-0.04578283192735128
1.7715137454154573,-0.8638661306971376
0.7068876874989124,-0.71725268659264
0.19721197932831724,0.3418158089967955
-0.07253848959359241,0.3544646485967256
0.49215071372203806,-0.026730861415389964
1.4738986642106844,-1.470731998879208
0.1928855362067361,1.51636241624375
-0.1815911786902726,-0.639468182968979
-1.4274069590683518,-0.3337137997105018
-0.4721395056517006,1.0087202544724865
-1.0526243287681298,-0.660863530350963
0.5924985672684239,0.5527366397976932
0.19184727070263374,-1.2996390976214203
-1.4609542103836917,0.19766708631276864
-1.6458302676685053,0.4707710375815756
-0.9472579744947287,0.4470323133295687
-0.17521648205236187,-0.08738882705984642
1.5406872514381504,-0.05051344107255804
1.4316225473378907,-0.7350761020679667
-1.0700700448794578,-0.5616836793453177
0.9602024283217212,-1.720097225896008
-1.1036172961947974,-0.030302793322047376
-1.6283845515571773,0.37159118657593027
-1.5787357650378255,-0.5919907344649652
-0.8342010201679764,-1.4653483676430403
-1.4435084942723637,0.09848723530712329
0.42002569536076345,0.8169727387339982
-1.438477978541769,0.317545407204276
2.892163286489265,-1.421982139933398
-0.9596731748754616,0.7652703362323667
1.122284323357819,0.6792710023671641
1.5953665536880972,-0.7950371902163014
-1.0700700448794578,-0.5616836793453177
1.098106045898235,-0.05420671752966371
-1.0700700448794578,-0.5616836793453177
1.746695359657571,-0.5367602554618379
2.14464627940515,0.9589432845036118
1.6695278105621219,0.3972553433606938
0.34820659240270224,-0.8223039909698039
-0.1815911786902726,-0.639468182968979
-0.07992317424373045,0.8917608433966762
-1.5663205646570928,-0.9102287573677631
-1.7511966219419062,-0.6371248060989562
-1.9360726792267198,-0.36402085483014923
-0.4385922543363608,0.47733936844921604
-1.7636118223226391,-0.31888678319615826
-1.304594888683623,0.6750021929643848
-0.2537161970515472,0.2042354171804091
-1.797159073637979,0.21249410282711215
0.9847148986763941,0.43577722872188257
-1.1197188313988093,0.40189824169557775
-1.6458302676685053,0.4707710375815756
-1.0700700448794578,-0.5616836793453177
-0.7573514014793202,0.3929865339579144
-0.5687890093712274,0.005919570574280171
-0.5056867569670402,1.5401011404957572
-1.9484878796074527,-0.04578283192735128
-1.4223764433377568,-0.11465562781334913
-1.4274069590683518,-0.3337137997105018
-0.6952874145792354,-0.888833409985779
2.015101647672165,-0.8824302790737478
1.5816071724000487,-0.8098203513254832
0.024111014125934683,1.3572653324949322
-1.01907707745279,-1.1922444163742336
-1.5948373002418375,-0.15978969944734012
2.1999777049569786,-1.155534230342555
2.012413285857533,-1.5484726470977077
-1.2089836504681986,-1.1381986370025792
1.0977718530031464,-1.4766034522507265
-1.4435084942723637,0.09848723530712329
-1.6122830163531654,-0.0606098484416948
-1.9484878796074527,-0.04578283192735128
-1.2375003860529432,-0.38775957908215614
-1.4733694107644246,0.5159051092155666
-1.7636118223226391,-0.31888678319615826
1.3333229473078345,0.4120823598750373
1.4426935668113077,-1.3863353089827446
0.7984946604842648,0.3758599959787096
-1.271047637368283,0.14362130694111425
-1.695479054187857,1.4343529586224708
-1.2039531347376036,-0.9191404651054265
-1.7636118223226391,-0.31888678319615826
-1.7636118223226391,-0.31888678319615826
1.1820061563419404,-0.1555647454497222
-0.5687890093712274,0.005919570574280171
0.15830001938729374,-0.7682582115981496
-1.9484878796074527,-0.04578283192735128
-1.6122830163531654,-0.0606098484416948
1.657112610181389,0.7154933662634917
-0.28223293263629207,0.9546744751008324
-1.9484878796074527,-0.04578283192735128
-1.150605998391393,-2.3060555688314452
-1.2089836504681986,-1.1381986370025792
0.5753467515567299,-1.5216936684795561
0.05765826544127433,0.8258844464716616
-1.5948373002418375,-0.15978969944734012
0.886733229053131,-1.2094148097585997
-1.7636118223226391,-0.31888678319615826
1.7691715914994939,-0.41688193457033046
-1.4274069590683518,-0.3337137997105018
1.484663768280888,0.3609891240592048
2.1835702543497533,1.7596471345282605
-1.8307063249533189,0.7438749888503826
-1.317010089064356,0.9932402158671827
1.2538132442964223,1.7930821548243763
0.9253109960990658,-1.5217375238847175
1.6695278105621219,0.3972553433606938
-1.4223764433377568,-0.11465562781334913
1.7517258753881662,-0.3177020835646852
-1.9360726792267198,-0.36402085483014923
3.285429898404917,0.9676897922856654
0.31465934108736254,-0.2909231049465336
1.0900812529497952,1.5436730724024144
1.159529924500018,-0.27544306634122967
2.2888963161276994,-0.7284639157951647
1.992625415830242,-1.0023085999652555
0.9089035454918405,1.3934438409860976
0.14354266509059752,-0.0030359925685447637
0.511950598752909,-0.8822650791181385
-0.5687890093712274,0.005919570574280171
3.43038400773648,0.6738873711309967
-0.1990368948016004,-0.5402883319633337
2.3905763355778213,0.49339494000019457
0.39386312869556184,0.8110574299573183
1.9738355188115986,-1.2361499329715897
-2.1333639368922666,0.22732111934145569
2.3234818329471416,1.556156712046735
-0.47686410597908213,-1.6933182472778565
-0.5056867569670402,1.5401011404957572
-1.1381907980106598,-2.624293591734243
-0.913710723179389,-0.08434857269370173
-0.7412498662753082,-0.03921450105971077
2.295975085374624,1.217220219258075
-0.8962650070680611,-0.183528423699347
0.7438153582343181,1.1203837451224528
-1.9149406282921129,-0.5771637179506215
2.031895240481611,0.3883436356230304
-1.797159073637979,0.21249410282711215
-1.5787357650378255,-0.5919907344649652
-1.9310421634961248,-0.1449626829329966
-1.9360726792267198,-0.36402085483014923
-1.4274069590683518,-0.3337137997105018
-1.9484878796074527,-0.04578283192735128
-0.1866216944208676,-0.8585263548661315
2.2405917105156634,0.5681391892577109
0.44115774629537036,0.6038298756135256
0.5169811144835038,-0.6632069072209856
1.1695909559612077,0.16267327745307558
-0.17522849705594168,0.22198134351044976
-2.1209487365115334,-0.09091690356134224
0.8827409788266385,1.3875285322094177
1.4289341855232593,-1.4011184700919266
-1.4894709459684365,0.9481061442331917
1.7577543641274085,-0.8786492918063196
1.3621858907912479,0.7746698661053811
2.4238176714899478,2.4449943838301142
-0.35435795099756673,1.7983780752502203
-0.38391295208641396,-0.26718438069452677
1.5336084821912261,-1.9961975761257982
1.155831574673159,0.1478901163438936
2.1127491244003394,-0.6596349753143285
4.351654103324859,-4.092441342506573
2.1499827105389584,-1.3049788734524261
0.9266551770063816,-1.1887163398727378
0.5146269455639609,0.0931474594761174
0.5082642639296298,-0.7683020670033113
-0.09202044421767028,-1.5823516341240123
-1.5787357650378255,-0.5919907344649652
-1.4049307272264289,-0.21383547881899445
-0.5104113572944219,-1.161937361254586
-1.7511966219419062,-0.6371248060989562
-1.797159073637979,0.21249410282711215
0.7575747395223666,1.1351669062316345
2.68954761269349,1.1239118216239483
0.9162882301419784,0.8561476461861474
1.0924354218693382,0.7873187057053112
0.4163273455339046,1.2403059214191214
1.0977718530031464,-1.4766034522507265
-0.9472579744947287,0.4470323133295687
1.4722485679001551,0.6792271469620027
-0.6493249628831628,-1.7384523189118475
0.3492448579068047,1.993697522895366
-0.50773501048337,-0.1865248226603301
-1.7461661062113112,-0.41806663420180357
-2.1209487365115334,-0.09091690356134224
1.6708719914694379,0.7302765273726739
-1.2375003860529432,-0.38775957908215614
1.018262149991734,-0.09560365730138791
-0.774797117590648,0.4921663849635597
0.37303699316416805,-1.4587800367753998
1.1981076915459525,-0.5877657804673475
-1.6122830163531654,-0.0606098484416948
1.9188503011584386,1.9913541460253434
-1.9360726792267198,-0.36402085483014923
0.5008795792794919,-0.2310058722033608
0.8018870949079103,2.435507143146777
-1.7636118223226391,-0.31888678319615826
0.8931079256910416,-0.6573354538494671
-1.6619318028725172,0.9029720725992008
-1.4274069590683518,-0.3337137997105018
2.419093071162566,-0.2570441179202288
2.547241572681103,-1.51225028320138
-0.09232635962088366,0.900628695729178
2.3060481318393933,1.3459663924820844
-1.545188513722486,-1.1233716204882356
-0.14331932704755107,1.5311894327580937
1.0169179690844181,-0.4286248413133676
-0.8294764198405948,1.2366901341073024
-0.19769271389428467,-0.20726714795135381
2.858616035173925,-0.8906012539101277
0.972311713299241,0.4446450810543844
0.4945048826415812,-0.7830852281124931
-1.9360726792267198,-0.36402085483014923
1.1659046211379287,0.2766362895679031
2.4516303344656785,0.3009505467655838
-1.6458302676685053,0.4707710375815756
-1.0526243287681298,-0.660863530350963
-1.1036172961947974,-0.030302793322047376
1.7866173076108216,-0.5160617855759756
1.938944086588943,-1.0377902309602993
-1.0700700448794578,-0.5616836793453177
2.719702429585184,-1.467116211567389
-1.9360726792267198,-0.36402085483014923
2.372132646457846,1.3725801711446264
2.161399937911044,-0.8432115162164371
0.8655891631149444,-0.686901776067831
2.031895240481611,0.3883436356230304
1.4400334824885515,1.8529993875675488
1.6920160574076242,0.20776349368190516
1.9933174734356764,0.7006663497491487
0.8135982226796291,0.7236643410998718
-0.023899691086467934,0.48025827826491313
-0.8677482714833161,-0.93396748161977
-0.8838498066873282,-0.5017664466021449
-1.4609542103836917,0.19766708631276864
0.5327767342843025,1.3875723876145794
1.6993887270541825,-0.02016253054774928
-1.5948373002418375,-0.15978969944734012
1.930867344333371,-2.2034689858747525
-0.7238041501639805,-0.13839435206535608
1.2927089417491497,-1.3115910597252283
2.436232871870681,2.1267563609273163
-0.6952874145792354,-0.888833409985779
0.05765826544127433,0.8258844464716616
1.698044546146867,-0.35318371455972936
1.5021094843922158,0.2618092730535595
0.219048102871938,1.5222777250204305
-1.4398221594490848,-0.015475776807703831
-4.663251086802851,2.8829195052758867
-1.9360726792267198,-0.36402085483014923
-1.2375003860529432,-0.38775957908215614
1.7584064874292904,-2.2486030575087432
-1.024107593183385,-1.411302588271386
1.9714933648956352,-0.7891657368447828
1.7664832296848623,-1.08292430259429
-1.2089836504681986,-1.1381986370025792
-1.7461661062113112,-0.41806663420180357
-1.9360726792267198,-0.36402085483014923
-1.9484878796074527,-0.04578283192735128
-1.6122830163531654,-0.0606098484416948
-1.288493353479611,0.24280115794675958
0.6847456485520783,0.5852657272369154
0.1965718710300154,1.4023994041289232
-0.6905628142518538,1.8132050917645641
0.7753263710369077,-1.4469932746272012
1.2155534076572805,-0.6869456314729928
-1.6122830163531654,-0.0606098484416948
0.008315394325135816,-0.6935139623406332
-0.4892793063598151,-1.3750802243750584
-0.4298754037824867,0.5824345282315416
1.0427866353499864,1.7509006267462066
1.1867307566693222,2.5464737563006206
2.2342170138777524,0.01605983334857832
-1.4945014616990315,0.7290479723360391
1.0393942009263408,-0.30874652042186035
-1.3938597077530122,-0.8650946857337721
-1.0650395291488626,-0.34262550744816517
3.1612736471128726,-0.37404738440120083
1.2742412226220154,0.1863345125597963
0.024111014125934683,1.3572653324949322
-0.6493249628831628,-1.7384523189118475
0.5555588815294386,-0.9755296213471034
-0.4037128371172849,0.5883498370082217
1.992625415830242,-1.0023085999652555
-1.5612900489264976,-0.6911705854706105
-1.797159073637979,0.21249410282711215
1.0430925507531996,-0.7320797031069838
1.76044272594204,-0.21260692378235996
2.452640322477906,-0.7884250039434991
1.0306773503724667,-0.4138416802041857
-1.7511966219419062,-0.6371248060989562
-0.21913068023210489,2.4888560450223087
1.231349027458079,1.3638336633625723
-1.797159073637979,0.21249410282711215
1.2031382072765473,-0.36870760857019474
-1.6122830163531654,-0.0606098484416948
0.7736762747263788,0.7029658712140098
-1.438477978541769,0.317545407204276
1.098106045898235,-0.05420671752966371
1.1729713753812736,2.5316905951914386
0.3582676238638921,-0.38418764717549875
-1.9484878796074527,-0.04578283192735128
1.7319380053608748,0.22846196356776716
-1.5787357650378255,-0.5919907344649652
-1.2425309017835384,-0.6068177509793087
0.6273779844874998,0.6637471083566986
0.7736762747263788,0.7029658712140098
-1.6122830163531654,-0.0606098484416948
-1.9484878796074527,-0.04578283192735128
2.2342170138777524,0.01605983334857832
-0.4721395056517006,1.0087202544724865
2.7653589658780438,0.16624520935973341
-1.5787357650378255,-0.5919907344649652
0.9984742799644427,0.4505603898310648
-1.0526243287681298,-0.660863530350963
-0.19400637907100549,-0.3212301600661811
-1.1036172961947974,-0.030302793322047376
-1.6793775189838451,1.002151923604846
1.4775849990339633,-1.5846950109940352
1.5953665536880972,-0.7950371902163014
1.2802937413684168,-0.9933530368224301
1.3259502776612764,0.6400083841046921
-0.5563738089904946,-0.31231845232851774
-0.901295522798656,-0.4025865955964997
-0.4037008221137053,0.27897966643792554
0.9622386668344713,0.3158989078303751
2.420437252069882,0.0759770660917514
-1.3764139916416842,-0.9642745367394174
-0.1607650431588789,1.6303692837637391
1.530308289570168,2.3037207155566226
-1.7636118223226391,-0.31888678319615826
1.122284323357819,0.6792710023671641
-1.9484878796074527,-0.04578283192735128
2.833797649416039,-0.563495378674828
-1.797159073637979,0.21249410282711215
-0.8294764198405948,1.2366901341073024
-1.7300645710072993,-0.8502676692194285
-0.6023362606865673,0.5373004565975507
-0.6446003625557812,0.9635861828384957
0.48712019799144324,-0.24578903331254268
0.26366637366069484,0.33963763208238196
-1.9360726792267198,-0.36402085483014923
0.5592452163527177,-1.0894926334619306
-1.6122830163531654,-0.0606098484416948
1.0830144987064503,-0.7113812332211215
0.7032013526756332,-0.6032896744778129
-1.309625404414218,0.4559440210672321
-1.0985867804642024,0.18875537857510521
2.117779640130934,-0.4405768034171758
1.4789291799412794,-1.2516738269820555
0.4898085598060746,0.42025333471141707
-1.4733694107644246,0.5159051092155666
3.363595420509014,-0.7463311866756529
-1.6407997519379103,0.6898292094787283
-1.6283845515571773,0.37159118657593027
-1.797159073637979,0.21249410282711215
-1.545188513722486,-1.1233716204882356
-1.4274069590683518,-0.3337137997105018
2.1127491244003394,-0.6596349753143285
1.7527238483968137,-1.097707463703472
-1.0143524771254084,1.5097940853761096
-1.6122830163531654,-0.0606098484416948
-0.013122572012684342,2.002609230633029
1.1041345346374773,-0.6151539257712979
-1.9820351309227926,0.4855980540959191
-0.06380962403613871,0.15018963780875483
2.9270547187119202,-1.6203418419446887
-1.9360726792267198,-0.36402085483014923
1.5732245147412633,0.5074812236132545
1.724553320710737,0.7657581583677178
1.2444043361371138,-0.014987954672352847
1.982258468965839,1.0425553860936299
0.11736808342181607,0.30041886922507127
-1.4945014616990315,0.7290479723360391
1.3917005993846403,-0.7557745719538289
-0.7623819172099151,0.17392836206076176
1.0816703177991345,-1.0444024172331015
0.36565230851402997,-0.9214838419754491
-0.23258414611694017,-0.008907445940063258
1.8000304810002021,-1.6143051886175606
1.518211019596228,-0.17039176196406552
-1.9360726792267198,-0.36402085483014923
-1.2425309017835384,-0.6068177509793087
-0.35036570077107404,-0.798565266717797
2.409672147999678,-1.7557440568466616
1.7074135200026224,-1.6180423204798275
1.5702302375234183,2.3244191854424847
-1.0985867804642024,0.18875537857510521
1.1434283892960058,0.1567579686763959
0.9253109960990658,-1.5217375238847175
0.9128957957183329,-1.2034995009819198
1.5406872514381504,-0.05051344107255804
0.34820659240270224,-0.8223039909698039
2.4764607352271444,-0.3355254990400119
-1.7636118223226391,-0.31888678319615826
1.913421628222043,-2.1042891348691066
-1.2549461021642712,-0.28857972807651083
-0.8466162205487092,-1.1471103447402426
2.086280642331924,1.8174300457621817
-0.4845547060324335,1.3269582773752844
1.5990528885113766,-0.9090002023311285
1.5816071724000487,-0.8098203513254832
1.0430925507531996,-0.7320797031069838
1.7866173076108216,-0.5160617855759756
1.7118039274349155,-0.33840055345054737
-0.6617401632638957,-1.4202142960090494
1.3367153817314803,2.4717295070431047
-1.9484878796074527,-0.04578283192735128
1.930867344333371,-2.2034689858747525
-1.6458302676685053,0.4707710375815756
0.7438273732378977,0.8110135745521564
1.8940199003969727,2.6278301918309395
1.8433328483735185,0.7754105990066649
1.2749573102346088,1.2705691211336074
0.09254969766392993,0.627524744460371
0.9635828477417873,0.6489200918423554
0.5454978500682488,-1.4136459651414088
1.630257985910753,-0.993396892227592
-1.4223764433377568,-0.11465562781334913
0.4723508286911672,0.8288033562873586
1.2242702582111542,-0.5818504716906671
0.15461368456401467,-0.6542951994833223
-1.0576548444987248,-0.8799217022481156
-0.23125198021320426,0.6334839086422127
-1.0576548444987248,-0.8799217022481156
-1.0526243287681298,-0.660863530350963
-0.913710723179389,-0.08434857269370173
-1.6283845515571773,0.37159118657593027
-1.5612900489264976,-0.6911705854706105
-1.4733694107644246,0.5159051092155666
0.10865123286794197,0.1953237094427458
1.0232926657223287,0.12345451459576474
-1.0700700448794578,-0.5616836793453177
-0.24868568132095228,0.42329358907756176
2.6687094621585166,-0.8365554745384733
0.7948083256609856,0.4898230080935369
-1.4274069590683518,-0.3337137997105018
-0.8925786722447819,-0.2974914358141742
-0.38391295208641396,-0.26718438069452677
1.155831574673159,0.1478901163438936
2.281523646481141,-0.5005378915655103
-1.288493353479611,0.24280115794675958
-2.1209487365115334,-0.09091690356134224
0.1257910335760565,2.5791241882902907
1.6151544237153885,-1.3412012373487536
-1.288493353479611,0.24280115794675958
-1.4733694107644246,0.5159051092155666
0.39386312869556184,0.8110574299573183
2.478802889143108,-0.7825096951668189
2.9257105378046044,-1.9533630259566686
1.8087473315540763,-1.509210028835235
-0.09232635962088366,0.900628695729178
-0.8851939875946441,-0.8347876306141246
1.4276302971113983,1.8618672399000507
-1.3428667403263443,-1.495655422762688
-3.72645559999805,1.1991617260290541
-1.6122830163531654,-0.0606098484416948
2.1087568741738467,1.9373083666536892
2.1875625045762455,-0.8372962074397569
0.48712019799144324,-0.24578903331254268
1.5953665536880972,-0.7950371902163014
2.1808818925351217,1.0936047665043007
3.0485226081893337,-0.9446470332817819
-1.2425309017835384,-0.6068177509793087
1.4638256177459148,-1.599478172103217
-1.9149406282921129,-0.5771637179506215
-0.06411553943935197,2.6331699676619453
1.5181990045926481,0.13897840860623029
-0.6617401632638957,-1.4202142960090494
-1.7511966219419062,-0.6371248060989562
1.4474181671386894,1.3157031927675984
-1.0526243287681298,-0.660863530350963
1.5172010315840008,0.9189837887450173
0.14588481900656095,-0.4500201886953519
0.7874236410108476,1.0271192028934875
0.5418115152449696,-1.2996829530265817
0.23280748415998664,1.5370608861296122
-1.797159073637979,0.21249410282711215
-0.7908986527946601,0.9243674199811848
0.7853874024980978,-1.008876930832896
1.8892953000695911,-0.07420830991940361
1.938944086588943,-1.0377902309602993
-1.6283845515571773,0.37159118657593027
-1.7511966219419062,-0.6371248060989562
1.210216976523472,1.5769765264830449
-0.3044032490750014,-1.6481841756438655
-1.0143524771254084,1.5097940853761096
-1.6458302676685053,0.4707710375815756
-1.0700700448794578,-0.5616836793453177
0.6719962552762567,-0.5188929845813495
1.5618193023727573,-0.2636563041930308
0.19184727070263374,-1.2996390976214203
-1.9484878796074527,-0.04578283192735128
-1.2499155864336762,-0.06952155617935817
-1.271047637368283,0.14362130694111425
-1.797159073637979,0.21249410282711215
0.4918568133224045,2.146879297867504
-1.2039531347376036,-0.9191404651054265
-1.779713357526651,0.11331425182146687
1.1907230068958146,-0.05046958566739699
-1.4049307272264289,-0.21383547881899445
-1.9645894148114647,0.3864182030902738
-1.2089836504681986,-1.1381986370025792
2.3197954981238627,1.6701197241615622
1.8993683465343607,0.05453786330460555
1.5195552005035435,0.1626294220479142
1.0642246016878067,-0.9452225662274562
-1.9484878796074527,-0.04578283192735128
1.5953665536880972,-0.7950371902163014
-0.8083443689059878,1.0235472709868298
-0.7338651816251703,-0.5765106958596613
-1.4398221594490848,-0.015475776807703831
-1.371383475911089,-0.7452163648422648
0.7948083256609856,0.4898230080935369
1.0481230664837946,-0.513021531209831
-1.797159073637979,0.21249410282711215
-4.460929313406709,2.510635703001434
0.7367486039909732,-1.1346705605010834
-1.5612900489264976,-0.6911705854706105
-1.2499155864336762,-0.06952155617935817
-0.8851939875946441,-0.8347876306141246
2.7653589658780438,0.16624520935973341
-0.6570155629365141,1.2818242057412934
1.122284323357819,0.6792710023671641
1.5618193023727573,-0.2636563041930308
-2.1209487365115334,-0.09091690356134224
2.0681308536115823,0.5230051176237199
-1.371383475911089,-0.7452163648422648
-1.7636118223226391,-0.31888678319615826
1.965106653254145,-1.0318749221836192
-0.8294764198405948,1.2366901341073024
-0.6234683116211743,0.7504433197180231
1.9241867322922468,-0.27256801193069424
1.5336084821912261,-1.9961975761257982
0.32102202272169345,0.5705264215328951
2.033239421388927,0.7213648196350105
0.9709555173883454,0.4209940676127006
-1.3764139916416842,-0.9642745367394174
1.2366854585918874,-0.9000884945934652
-1.5737052493072305,-0.3729325625678126
2.561000953969152,-1.497467122092198
2.0520293184075706,0.955206152641345
-2.1209487365115334,-0.09091690356134224
2.517380656189043,-1.094832409292937
-1.6458302676685053,0.4707710375815756
1.5829513533073643,-0.47679916731350336
1.0464729701732656,1.6369376146313792
-1.2425309017835384,-0.6068177509793087
-0.11480259146280633,0.7807503748376706
2.163742091827007,-1.2901957123432441
2.6264453602893028,-0.4102697482975285
-1.7636118223226391,-0.31888678319615826
0.11233756769122115,0.08136069732791866
-1.9360726792267198,-0.36402085483014923
0.5293963148642368,-0.9814449301237838
-0.673117098140526,1.714025240758919
0.8931079256910416,-0.6573354538494671
-1.3603124564376723,-1.3964755717570425
1.6178427855300201,-0.6751588693247939
1.049161331987897,2.3029799826553394
-1.2089836504681986,-1.1381986370025792
1.6983907540455352,0.7598428495910375
-1.7511966219419062,-0.6371248060989562
1.289022606925871,-1.197628047610401
1.746695359657571,-0.5367602554618379
-0.880163471864049,-0.615729458716972
1.2541311747032153,-0.9992683455991105
-1.6458302676685053,0.4707710375815756
-0.5104113572944219,-1.161937361254586
0.48712019799144324,-0.24578903331254268
0.7142723721490503,-1.2545488813925907
1.0803261368918184,-1.3774236012450813
-1.9360726792267198,-0.36402085483014923
1.9379340985767157,0.05158531974878371
1.6463595211147652,-1.425597927245217
-0.06012328921285953,0.0362266256939277
-0.31578018395163177,1.4860553611241027
-0.23258414611694017,-0.008907445940063258
-1.797159073637979,0.21249410282711215
1.943974602319538,-0.8187320590631466
-1.2425309017835384,-0.6068177509793087
-1.0700700448794578,-0.5616836793453177
0.7773626095496577,0.5890028590991822
0.12475276807195405,-0.2368773255748793
1.2564733286191785,-1.4462525417259176
0.39017679387228255,0.9250204420721452
-1.5663205646570928,-0.9102287573677631
1.9738355188115986,-1.2361499329715897
-1.6458302676685053,0.4707710375815756
-0.36143672024449136,-0.1473060598030194
-1.9310421634961248,-0.1449626829329966
-0.3265452880218357,-0.3456657618143099
-1.779713357526651,0.11331425182146687
0.08721326653012176,2.891446902416409
1.7168344431655103,-0.11934238155339458
-1.2499155864336762,-0.06952155617935817
-0.5848905445752395,0.43812060559190535
-0.5104113572944219,-1.161937361254586
-0.4721395056517006,1.0087202544724865
-0.46710898992110567,1.2277784263696392
-0.25607036597109034,0.9605897838775124
-0.8342010201679764,-1.4653483676430403
-1.3603124564376723,-1.3964755717570425
2.2181154786737403,0.4482608683662035
-0.19770472889786436,0.10210302261894229
-1.9360726792267198,-0.36402085483014923
-1.3938597077530122,-0.8650946857337721
2.096647589196327,-0.22743394029670327
1.51082633494609,0.36690443283588503
-0.2661313974322801,0.5224734400832071
-1.8307063249533189,0.7438749888503826
1.9738355188115986,-1.2361499329715897
-1.0912020958140647,-0.3485408162248453
-0.45469378954037276,0.9095404034668414
1.134699523738552,0.3610329794643661
-1.0700700448794578,-0.5616836793453177
-1.4099612429570239,-0.4328936507161471
-1.4398221594490848,-0.015475776807703831
2.406677870781833,0.06119390498256929
-0.6952874145792354,-0.888833409985779
-1.0861715800834695,-0.12948264432769271
0.5042599986995577,2.1380114455350023
-0.3754900019321736,2.0115209383706927
-2.305824793796347,0.18218704770746472
1.926222970804997,1.7634281217956889
1.232693208365395,1.6968548473745522
-2.1209487365115334,-0.09091690356134224
2.8549297003506457,-0.7766382417953005
0.43274681114470975,-1.98424561402199
-1.4223764433377568,-0.11465562781334913
0.2562816890105568,0.8769338268823327
0.4411697612989503,0.2944597050432298
0.37303699316416805,-1.4587800367753998
1.860778564484846,0.6762307480010196
-0.23258414611694017,-0.008907445940063258
0.5042599986995577,2.1380114455350023
0.1754398200954082,1.6155422672493953
1.8842647843389961,-0.2932664818165564
-0.774797117590648,0.4921663849635597
1.176963625607766,-0.06525274677657882
-0.8342010201679764,-1.4653483676430403
-1.6246982167338984,0.25762817446110314
1.2366854585918874,-0.9000884945934652
1.270232709907227,-1.4314693806167356
-1.5663205646570928,-0.9102287573677631
-1.9484878796074527,-0.04578283192735128
0.39017679387228255,0.9250204420721452
-0.1520361776014253,1.4260942729757682
-1.797159073637979,0.21249410282711215
-0.34533518504047916,-0.5795070948206444
-2.1209487365115334,-0.09091690356134224
0.8655891631149444,-0.686901776067831
-1.0700700448794578,-0.5616836793453177
1.6151544237153885,-1.3412012373487536
0.1928855362067361,1.51636241624375
-0.5899210603058344,0.21906243369475273
0.569012347414274,1.5222338696152684
-0.8627177557527212,-0.7149093097226173
-1.9360726792267198,-0.36402085483014923
-1.3938597077530122,-0.8650946857337721
-1.036522793564118,-1.0930645653685882
2.4117083865124282,0.28025207687972176
-1.283462837749016,0.4618593298439122
-1.3938597077530122,-0.8650946857337721
0.8931079256910416,-0.6573354538494671
1.665841475738843,0.5112183554755213
-1.001631361341462,-1.2914242673798788
-0.7674124329405101,-0.045129809836390845
-1.0650395291488626,-0.34262550744816517
1.236379543188674,1.582891835259725
-0.6952874145792354,-0.888833409985779
0.24386648862982396,1.1951718497851305
0.9427567122103936,-1.6209173748903627
2.054371472323534,0.5082219565145379
-0.5228265576751547,-0.843699338351788
0.6891360559843712,1.8649074942661952
-0.35405203559435333,-0.68460225460297
-1.7461661062113112,-0.41806663420180357
1.4426935668113077,-1.3863353089827446
0.5180193799876063,2.1527946066441843
2.833797649416039,-0.563495378674828
-1.6122830163531654,-0.0606098484416948
-1.3764139916416842,-0.9642745367394174
-1.288493353479611,0.24280115794675958
-0.278546597813013,0.840711462986005
1.4638256177459148,-1.599478172103217
3.167648343750783,0.17803197150793193
1.8077493585454285,-0.7292046486964482
-0.5899210603058344,0.21906243369475273
-1.0650395291488626,-0.34262550744816517
1.0169179690844181,-0.4286248413133676
-1.4683388950338296,0.7349632811127192
2.5311400374770914,-1.080049248183755
-1.4049307272264289,-0.21383547881899445
-1.4559236946530967,0.41672525820992123
-2.1209487365115334,-0.09091690356134224
1.76044272594204,-0.21260692378235996
-1.779713357526651,0.11331425182146687
-0.880163471864049,-0.615729458716972
1.375599064180628,-0.32357353693620383
1.1766697252081324,2.1083574125063156
-1.2250851856722105,-0.705997601984954
0.29721362497603476,-0.19174325394088834
-1.4609542103836917,0.19766708631276864
-1.1707117988254772,1.0324589787244933
-1.3938597077530122,-0.8650946857337721
-0.7338651816251703,-0.5765106958596613
-1.797159073637979,0.21249410282711215
-1.5787357650378255,-0.5919907344649652
1.2400658780119531,1.4689288231448978
-0.5104113572944219,-1.161937361254586
2.457670838208501,-0.5693668320463465
-1.9484878796074527,-0.04578283192735128
-0.8925786722447819,-0.2974914358141742
-1.7636118223226391,-0.31888678319615826
-1.0576548444987248,-0.8799217022481156
2.5398689030345447,-1.2843242589717256
0.26028595424062906,-2.029379685655981
-0.6395698468251863,1.1826443547356482
-4.835711943706931,2.8377854336418955
-1.6233540358265826,0.590649358473083
-1.527742797611158,-1.222551471493881
-2.1209487365115334,-0.09091690356134224
1.774894164835523,1.5051511870412255
0.32707454146809534,-0.6091611278493313
2.2218018134970197,0.3342978562513761
3.2133048800436423,1.8113933924350538
0.613630618203031,0.3395937766772208
1.3621858907912479,0.7746698661053811
-0.13090412666681817,1.2129514098552958
0.08886336284065091,0.7414877565751985
1.3742548832733124,-0.6565947209481837
-1.7511966219419062,-0.6371248060989562
2.3237877483503553,-0.9268236178064553
-1.3764139916416842,-0.9642745367394174
1.159529924500018,-0.27544306634122967
2.7828046819893713,0.06706535835408803
-1.797159073637979,0.21249410282711215
-1.5948373002418375,-0.15978969944734012
1.6463595211147652,-1.425597927245217
0.5391514309222134,1.9396517435237115
-1.4223764433377568,-0.11465562781334913
-0.7623819172099151,0.17392836206076176
1.5742345027534903,-0.5818943270958288
0.4411697612989503,0.2944597050432298
1.8755359187815424,-0.0889914710285856
-0.9808052258100686,0.9784131993528391
0.1418925687800685,2.146923153272666
-1.6072525006225704,0.1584483234554578
0.4934828796257741,0.6156604931668861
-1.7511966219419062,-0.6371248060989562
-1.4609542103836917,0.19766708631276864
2.096647589196327,-0.22743394029670327
0.09120551675661415,0.294503560448391
1.6164986046227043,-1.008180053336774
1.9835906348695753,1.6849467406759056
-2.1333639368922666,0.22732111934145569
-0.1607650431588789,1.6303692837637391
-0.5848905445752395,0.43812060559190535
-1.7636118223226391,-0.31888678319615826
0.17175348527212925,1.7295052793642223
-1.001631361341462,-1.2914242673798788
2.302655697415748,-0.7136807546859829
0.9162762151383989,1.1655178167564437
-1.9360726792267198,-0.36402085483014923
-2.1544959878268735,0.44046398246192814
-1.0700700448794578,-0.5616836793453177
-1.9360726792267198,-0.36402085483014923
-1.036522793564118,-1.0930645653685882
-0.15307444310552765,-1.3899072408894022
-2.1544959878268735,0.44046398246192814
1.273613129327293,0.9375479371216279
1.1115312342911952,-1.4618202911415445
-1.2375003860529432,-0.38775957908215614
-0.9992771924219191,-2.047778634076982
1.630257985910753,-0.993396892227592
-1.6122830163531654,-0.0606098484416948
-0.9757747100794737,1.1974713712499916
1.3930447802919559,-0.4227533879418491
1.0303714349692534,2.0691386496490045
-0.5056867569670402,1.5401011404957572
2.2677642651930925,-0.5153210526746923
2.2674583497898793,1.967659277178498
1.8665131528244554,2.2888936990422795
1.3631838637998952,-0.0053355140334060205
1.8557480487542515,0.45717257610386686
-0.4721395056517006,1.0087202544724865
2.1513268914462746,-0.9719576894404462
-0.026576037897519743,-0.4951542603293428
-1.8307063249533189,0.7438749888503826
0.33579139202196945,-0.5040659680670061
-1.7636118223226391,-0.31888678319615826
-1.4609542103836917,0.19766708631276864
-1.1915379343568706,-1.2373784880082246
2.842514499969913,-0.4584002188925025
-0.28726344836688705,0.7356163032036797
2.832453468508723,-0.8965165626868078
-0.8455779550446066,1.668891169124928
-1.6458302676685053,0.4707710375815756
1.287360495611762,1.2617012688011056
-1.4609542103836917,0.19766708631276864
-0.7288346658945754,-0.3574525239625087
-3.9572941089789357,2.321884586223929
0.7649594241725045,0.5978707114316841
-1.4049307272264289,-0.21383547881899445
-0.8418916202213277,1.5549281570101006
1.1484589050266008,0.3758161405735484
3.233398665474147,-1.217750984550589
0.4351172425525482,1.4741472544254561
-0.2362704809402194,0.10505556617476387
1.5336084821912261,-1.9961975761257982
-1.0861715800834695,-0.12948264432769271
-1.5787357650378255,-0.5919907344649652
-1.0354845280600151,1.7229369484965822
-0.2661313974322801,0.5224734400832071
0.10865123286794197,0.1953237094427458
0.32102202272169345,0.5705264215328951
-1.406274908133745,-0.5468566628309742
-2.305824793796347,0.18218704770746472
-1.2375003860529432,-0.38775957908215614
-1.5787357650378255,-0.5919907344649652
0.2811120897720226,0.2404577810767367
1.232693208365395,1.6968548473745522
1.9738355188115986,-1.2361499329715897
2.341233464461683,-1.0260034688121007
1.229312788945329,-0.6721624703638107
-2.0823709694655985,-0.40323961768746003
-0.2201689457362073,-0.3271454688428612
1.3769432450879437,0.00944764707577602
1.4249419352967665,1.1958248718760909
-1.6283845515571773,0.37159118657593027
1.134699523738552,0.3610329794643661
1.630257985910753,-0.993396892227592
-1.0650395291488626,-0.34262550744816517
0.1928855362067361,1.51636241624375
-1.779713357526651,0.11331425182146687
-0.3120938491283528,1.3720923490092753
2.189598743088996,1.1986999262866262
-0.7275024999908392,0.2849388306197673
0.8196387264224513,-0.14665303771205884
0.09254969766392993,0.627524744460371
-1.9484878796074527,-0.04578283192735128
-0.9472579744947287,0.4470323133295687
0.18816093587935456,-1.185676085506593
-0.40504500302102087,-0.05404151757405422
-1.2549461021642712,-0.28857972807651083
-1.9484878796074527,-0.04578283192735128
0.5146269455639609,0.0931474594761174
1.61987902404277,1.3608372644015894
-0.48824104085571246,1.4409212894901118
0.30224414070662964,0.02731491795626433
-1.4099612429570239,-0.4328936507161471
-0.4510074547170937,0.7955773913520141
-0.042677573101531724,-0.06295322531171758
-0.929812258383401,0.3478524623239234
-0.913710723179389,-0.08434857269370173
-1.3938597077530122,-0.8650946857337721
-1.9360726792267198,-0.36402085483014923
-1.9820351309227926,0.4855980540959191
2.1949471892263834,-1.3745924022397076
-1.7636118223226391,-0.31888678319615826
-1.7636118223226391,-0.31888678319615826
-1.9484878796074527,-0.04578283192735128
1.6920160574076242,0.20776349368190516
-0.18024699778295683,-0.30644699895699906
-0.6952874145792354,-0.888833409985779
-1.7636118223226391,-0.31888678319615826
-1.1915379343568706,-1.2373784880082246
-1.2425309017835384,-0.6068177509793087
1.4846517532773083,0.6703592946295008
-1.7511966219419062,-0.6371248060989562
-1.2375003860529432,-0.38775957908215614
1.236379543188674,1.582891835259725
-0.45469378954037276,0.9095404034668414
-0.4385922543363608,0.47733936844921604
1.231349027458079,1.3638336633625723
-1.1197188313988093,0.40189824169557775
-0.7908986527946601,0.9243674199811848
0.732744338760901,1.7716429520372303
-1.6582454680492382,0.7890090604843736
-0.4721395056517006,1.0087202544724865
1.51082633494609,0.36690443283588503
0.8444571121803374,-0.47375891294735856
-1.6233540358265826,0.590649358473083
1.6309500435161874,0.7095780574868119
0.1136817485985368,0.4143818813398984
-1.9360726792267198,-0.36402085483014923
2.1949471892263834,-1.3745924022397076
-1.5280487130143714,1.2604288583593093
0.6770267710068517,-0.299834812684197
-1.779713357526651,0.11331425182146687
0.03683212990988082,-1.4439530202610564
-1.4274069590683518,-0.3337137997105018
-1.2549461021642712,-0.28857972807651083
-1.7511966219419062,-0.6371248060989562
2.603265055838366,-1.923752848333143
0.6273659694839202,0.9731172789269948
-1.7636118223226391,-0.31888678319615826
-1.9310421634961248,-0.1449626829329966
-1.4398221594490848,-0.015475776807703831
-2.1209487365115334,-0.09091690356134224
-2.1209487365115334,-0.09091690356134224
-1.6122830163531654,-0.0606098484416948
-0.2996786487476199,1.0538543261064774
-1.7636118223226391,-0.31888678319615826
-1.5787357650378255,-0.5919907344649652
2.2466322142584856,-0.30217818955421977
-1.4274069590683518,-0.3337137997105018
-0.4721395056517006,1.0087202544724865
-1.9310421634961248,-0.1449626829329966
-0.4385922543363608,0.47733936844921604
-1.897494912180785,-0.6763435689562669
-0.47686410597908213,-1.6933182472778565
-1.4733694107644246,0.5159051092155666
-1.6072525006225704,0.1584483234554578
-1.7511966219419062,-0.6371248060989562
-1.8307063249533189,0.7438749888503826
1.8151220281919869,-0.9571306729261027
1.8557480487542515,0.45717257610386686
0.7390907579069365,-1.5816547566278905
1.409146315495968,-0.8549544229594742
1.087739099033832,1.9906572685292212
1.2366854585918874,-0.9000884945934652
0.7193028878796454,-1.0354907094954382
-0.5389280928791669,-0.41149830333416304
1.4426935668113077,-1.3863353089827446
2.599578721015087,-1.8097898362183158
-1.6122830163531654,-0.0606098484416948
-0.12587361093622335,1.4320095817524485
1.0642246016878067,-0.9452225662274562
-1.322040604794951,0.7741820439700301
-1.2549461021642712,-0.28857972807651083
2.7989062171933834,-0.36513567666353747
0.44115774629537036,0.6038298756135256
0.7736762747263788,0.7029658712140098
1.4316225473378907,-0.7350761020679667
-1.7636118223226391,-0.31888678319615826
-1.4609542103836917,0.19766708631276864
-1.7636118223226391,-0.31888678319615826
1.7459912870485574,-1.9303650346059456
0.1630246197146753,1.9337802901521932
1.938944086588943,-1.0377902309602993
-1.1754363991528587,-1.6695795230258494
1.4387013165848153,1.2106080329852726
-1.388829192022417,-0.6460365138366195
-1.304594888683623,0.6750021929643848
-1.3938597077530122,-0.8650946857337721
0.41768354144480024,1.2639569348608053
1.3769432450879437,0.00944764707577602
-1.288493353479611,0.24280115794675958
1.8557480487542515,0.45717257610386686
-0.6828722141985026,-1.207071432888577
-0.16917597830953987,-0.9577062058717768
2.18825456218168,0.8656787422746468
1.530308289570168,2.3037207155566226
1.3333229473078345,0.4120823598750373
-1.9484878796074527,-0.04578283192735128
-1.7636118223226391,-0.31888678319615826
0.7860914751071117,0.38472784831121176
1.8419886674662025,0.44238941499468465
0.9266551770063816,-1.1887163398727378
0.02042467930265539,1.471228344609759
2.3161091633005837,1.7840827362763896
-0.09735687535147851,0.6815705238320253
1.3085045615499484,0.7391882351103373
-0.8294764198405948,1.2366901341073024
2.9951874868467026,0.13289789987394096
0.7438153582343181,1.1203837451224528
-1.2549461021642712,-0.28857972807651083
2.6687094621585166,-0.8365554745384733
-1.6122830163531654,-0.0606098484416948
-0.264799231528544,1.164864794665483
1.4561470326961432,1.1114281819796274
3.0556013774362585,1.0010371017714577
-0.025231856990203985,-0.16213307631736285
-1.5787357650378255,-0.5919907344649652
-0.3332259000629596,1.5852352121297482
0.5253920496341646,1.9248685824145297
0.9008147882326885,0.5371352566419413
0.7018571717683175,-0.9363108584897928
0.6136186031994512,0.6489639472475166
1.4289744780187144,2.1948884239120305
2.740834480519791,-1.6802590746878616
1.7131360933386517,0.3039908011317286
1.6151544237153885,-1.3412012373487536
-1.438477978541769,0.317545407204276
1.3927388648887427,2.060226941911341
2.168772607557602,-1.0711375404460917
-1.6283845515571773,0.37159118657593027
-0.3875992869096931,-0.1532213685796995
0.8454953776844398,2.3422426009178117
-1.0700700448794578,-0.5616836793453177
-1.6458302676685053,0.4707710375815756
-1.9820351309227926,0.4855980540959191
1.235047377284938,0.9405004806774493
1.9315594019388052,-0.5004940361603485
-1.2375003860529432,-0.38775957908215614
-1.6122830163531654,-0.0606098484416948
-3.72645559999805,1.1991617260290541
0.9387524469803213,1.285396137647951
1.628913805003437,-1.3264180762395716
-1.4049307272264289,-0.21383547881899445
0.741779119721568,-0.9156123886039305
-1.2039531347376036,-0.9191404651054265
0.9176083810421347,1.8079091713387194
-0.6234683116211743,0.7504433197180231
1.8084414161508628,0.9737703010179556
-1.438477978541769,0.317545407204276
-1.6458302676685053,0.4707710375815756
-0.9932204261908014,1.296651222255637
-1.9310421634961248,-0.1449626829329966
1.3051241421298827,-1.6298290826280262
0.1485611658176127,0.5253923498989042
1.6816370955396418,2.5619976503110866
-1.288493353479611,0.24280115794675958
1.7487315981703213,1.4992358782645452
1.5480599210847088,-0.27843946530221286
-1.545188513722486,-1.1233716204882356
1.0340577697925328,1.9551756375341771
-1.6458302676685053,0.4707710375815756
-1.4274069590683518,-0.3337137997105018
-1.4945014616990315,0.7290479723360391
0.5552529661262251,1.5074507085060866
-1.7300645710072993,-0.8502676692194285
-0.29198804869426864,-1.9664221985466634
1.2491006589726201,-1.218326517496263
0.6397931848682328,0.3455090854539007
0.7367486039909732,-1.1346705605010834
2.3234818329471416,1.556156712046735
-1.7636118223226391,-0.31888678319615826
-0.9422274587641337,0.6660904852267214
-1.9360726792267198,-0.36402085483014923
-1.0650395291488626,-0.34262550744816517
1.8084414161508628,0.9737703010179556
-1.4733694107644246,0.5159051092155666
0.024111014125934683,1.3572653324949322
-2.1209487365115334,-0.09091690356134224
2.1949471892263834,-1.3745924022397076
-1.6458302676685053,0.4707710375815756
0.2774257549487435,0.354420793191564
1.3631838637998952,-0.0053355140334060205
2.077857692177684,-0.46127527330303797
0.08721326653012176,2.891446902416409
0.4623018122335571,0.08131684192275702
2.5754523928626347,0.22029098873138775
-1.797159073637979,0.21249410282711215
1.6151544237153885,-1.3412012373487536
-1.7636118223226391,-0.31888678319615826
-0.3332259000629596,1.5852352121297482
-0.8083443689059878,1.0235472709868298
-1.0861715800834695,-0.12948264432769271
1.6114680888921094,-1.2272382252339264
-1.2499155864336762,-0.06952155617935817
0.21401758714134322,1.3032195531232778
-1.7511966219419062,-0.6371248060989562
1.4738986642106844,-1.470731998879208
1.0380620350226046,-0.9511378750041363
-0.8677482714833161,-0.93396748161977
3.2719764325200815,-1.5300736986767067
-1.3764139916416842,-0.9642745367394174
-1.0985867804642024,0.18875537857510521
0.36062179278343526,-1.1405420138726021
-0.7362193505447133,0.17984367083744185
2.3855458198472266,0.2743367681030421
-1.283462837749016,0.4618593298439122
0.5293963148642368,-0.9814449301237838
-2.1544959878268735,0.44046398246192814
-0.4721395056517006,1.0087202544724865
-0.7003179303098306,-1.1078915818829316
-0.3332259000629596,1.5852352121297482
-1.288493353479611,0.24280115794675958
-0.8630236711559345,1.7680710201305732
1.2467344750494977,-0.1526019802288637
-0.6493249628831628,-1.7384523189118475
0.2452226845407195,1.2188228632268143
2.496248605254436,-0.8816895461724642
1.5866376881306437,-0.5907621794283304
-1.2089836504681986,-1.1381986370025792
-1.6122830163531654,-0.0606098484416948
-1.9696199305420596,0.16736003119312118
1.910427351004198,-0.28735117303987623
0.35058903881412057,2.326718706907346
0.0539719306179954,0.939847458586489
1.2366854585918874,-0.9000884945934652
1.7590985450347243,-0.5456281077943395
-1.9820351309227926,0.4855980540959191
1.1521452398498797,0.2618531284587208
-0.8083443689059878,1.0235472709868298
-1.9310421634961248,-0.1449626829329966
1.6906598614967288,0.1841124802402212
-1.9360726792267198,-0.36402085483014923
0.34820659240270224,-0.8223039909698039
-0.2201689457362073,-0.3271454688428612
1.4363471476652723,1.966962399682376
-1.288493353479611,0.24280115794675958
-1.6246982167338984,0.25762817446110314
1.4279362125146116,-0.6211130899531396
-0.3667731513782996,2.116616098153018
-0.37149775170568106,-0.5854224035973247
-0.795929168525255,0.7053092480840322
-0.24366718059393708,0.9517219315450106
0.42002569536076345,0.8169727387339982
-1.29217968830289,0.3567641700615868
-1.4609542103836917,0.19766708631276864
2.295975085374624,1.217220219258075
-0.40504500302102087,-0.05404151757405422
-0.880163471864049,-0.615729458716972
-2.1209487365115334,-0.09091690356134224
0.3720270051519408,-0.36940448606631676
0.6344567537344246,2.6094312434099383
0.36534639311081674,1.5614964878777409
2.339889283554367,-1.3590246528240804
-1.2425309017835384,-0.6068177509793087
-1.7636118223226391,-0.31888678319615826
-1.3938597077530122,-0.8650946857337721
0.22438453400574626,-0.7416444329356073
-0.04298348850474506,2.4200271045414725
-1.3938597077530122,-0.8650946857337721
1.51082633494609,0.36690443283588503
-1.3603124564376723,-1.3964755717570425
0.07510398155260217,0.7267045954660163
1.8879511191622753,-0.40722949393138363
0.9686133634723822,0.867978263739508
-0.6952874145792354,-0.888833409985779
-0.6828722141985026,-1.207071432888577
1.4155089971302992,0.00649510351995445
-1.813260608841991,0.6446951378447373
3.9943171891359643,-3.8644714628717574
-1.5787357650378255,-0.5919907344649652
-1.6122830163531654,-0.0606098484416948
-0.43356173860576586,0.6963975403463688
1.8755359187815424,-0.0889914710285856
0.606245933552893,0.8768899714771714
1.271576890814543,-1.098448196604756
0.24756483845668284,0.7718386671000073
-1.3381421399989628,1.206383078987655
1.8594343835775304,0.34320956398903946
-1.2586324369875501,-0.17461671596168368
-1.01907707745279,-1.1922444163742336
-1.6122830163531654,-0.0606098484416948
1.6695278105621219,0.3972553433606938
-0.47686410597908213,-1.6933182472778565
1.2538132442964223,1.7930821548243763
3.2133048800436423,1.8113933924350538
-0.5848905445752395,0.43812060559190535
1.4229056967840166,-0.8401712618502923
1.296089361169216,1.057426258013135
1.7691715914994939,-0.41688193457033046
3.0992096602127877,0.9077725595424928
-0.8466162205487092,-1.1471103447402426
-0.9808052258100686,0.9784131993528391
-1.9484878796074527,-0.04578283192735128
-0.10608574090893232,0.8858455346199959
-1.6122830163531654,-0.0606098484416948
2.1701167884649175,-0.7381163564341116
-0.901295522798656,-0.4025865955964997
-1.0700700448794578,-0.5616836793453177
-1.1754363991528587,-1.6695795230258494
-0.2151384300056124,-0.10808729694570854
-1.3938597077530122,-0.8650946857337721
1.0991160339104622,-1.1435822682387466
0.8629410937957678,2.2430627499121663
1.6024333079314423,1.4600171154072346
2.3573349996656945,-1.4582045038297258
0.5589393009495045,1.3934876963912597
0.9424507968071802,0.8620629549628277
-2.1209487365115334,-0.09091690356134224
-1.9360726792267198,-0.36402085483014923
-1.797159073637979,0.21249410282711215
1.7577543641274085,-0.8786492918063196
-1.9360726792267198,-0.36402085483014923
0.5243657991336419,-1.2005031020209362
-1.7636118223226391,-0.31888678319615826
1.8185144626156322,1.1025164742419642
1.61987902404277,1.3608372644015894
-1.4609542103836917,0.19766708631276864
-1.288493353479611,0.24280115794675958
1.0800202214886052,1.105556728608109
-1.4559236946530967,0.41672525820992123
-1.0985867804642024,0.18875537857510521
2.573098223943092,0.9766453554284907
-0.6060225955098465,0.6512634687123778
1.1011522724232123,0.8924138654876368
0.1931914516099493,-0.96661791360944
2.336202948731088,-1.2450616407092532
1.8695074300423,0.4719557372130486
-1.2213988508489315,-0.8199606140997812
2.6526079269545044,-0.40435443952084815
-1.276078153098878,-0.07543686495603831
-0.6570155629365141,1.2818242057412934
0.4498866118528242,0.39955486482555497
-1.6122830163531654,-0.0606098484416948
-0.9472579744947287,0.4470323133295687
1.3135350772805436,0.9582464070074899
-2.1209487365115334,-0.09091690356134224
2.3855458198472266,0.2743367681030421
1.5953665536880972,-0.7950371902163014
2.591553928066647,-0.21191004628623783
-0.6570155629365141,1.2818242057412934
-1.2375003860529432,-0.38775957908215614
-0.7872123179713808,0.8104044078663577
-1.5612900489264976,-0.6911705854706105
1.7487315981703213,1.4992358782645452
2.563037192481902,0.5385290116341855
-1.4274069590683518,-0.3337137997105018
-1.9310421634961248,-0.1449626829329966
-1.7461661062113112,-0.41806663420180357
2.1499827105389584,-1.3049788734524261
0.9833707177690784,0.10275604470990264
1.7581005720260767,0.23437727234444755
0.5327767342843025,1.3875723876145794
2.4737723734125128,-1.0015678670639716
-0.2996786487476199,1.0538543261064774
-1.9484878796074527,-0.04578283192735128
-0.9348427741139959,0.1287942904267708
-0.27720241690569725,1.1737326469979847
-1.4559236946530967,0.41672525820992123
2.2218018134970197,0.3342978562513761
0.8243633267498331,2.555385464038284
2.3935706127956666,-1.3235430218290365
-1.9360726792267198,-0.36402085483014923
2.4016473550512383,-0.1578642669145835
1.2910588454386207,0.8383680861159826
0.7193028878796454,-1.0354907094954382
0.39520730960287725,1.144078613969298
-0.4385922543363608,0.47733936844921604
-1.7636118223226391,-0.31888678319615826
-0.1607650431588789,1.6303692837637391
-1.6122830163531654,-0.0606098484416948
-0.6617401632638957,-1.4202142960090494
-1.2375003860529432,-0.38775957908215614
-1.5106029969030434,1.161249007353664
-1.036522793564118,-1.0930645653685882
0.9635828477417873,0.6489200918423554
0.9411066158998647,0.529041770950848
-1.6122830163531654,-0.0606098484416948
0.8954500796070051,-1.1043196499762744
2.1808818925351217,1.0936047665043007
-1.2375003860529432,-0.38775957908215614
1.563855540885508,1.7723398295333521
-1.3938597077530122,-0.8650946857337721
1.5336084821912261,-1.9961975761257982
-1.4274069590683518,-0.3337137997105018
-1.0811410643528747,0.08957552756945998
-1.8307063249533189,0.7438749888503826
-0.7623819172099151,0.17392836206076176
1.965106653254145,-1.0318749221836192
1.701038823364712,-2.17012167638896
-1.5787357650378255,-0.5919907344649652
-0.7872123179713808,0.8104044078663577
-1.283462837749016,0.4618593298439122
-0.8083443689059878,1.0235472709868298
-1.4435084942723637,0.09848723530712329
1.7913016154427484,-1.4100301778295898
-1.4274069590683518,-0.3337137997105018
-0.880163471864049,-0.615729458716972
1.5987469731081634,1.5739801275220615
1.3367153817314803,2.4717295070431047
-0.6184377958905793,0.9695014916151757
-0.9808052258100686,0.9784131993528391
0.2650105545680106,0.672658816094362
-1.2549461021642712,-0.28857972807651083
0.13480178452956426,0.5106091887897222
2.25166272998908,-0.08312001765706697
-1.0526243287681298,-0.660863530350963
-1.036522793564118,-1.0930645653685882
3.0820698595046734,-1.4760279193050523
-1.2375003860529432,-0.38775957908215614
-0.7063584340526526,-0.23757420307100133
-1.5612900489264976,-0.6911705854706105
0.520667449306783,-0.7771699193358129
-1.276078153098878,-0.07543686495603831
0.28984095532947635,0.03618277028876606
1.51082633494609,0.36690443283588503
2.420437252069882,0.0759770660917514
2.457364922805288,1.9136134978068438
-0.7288346658945754,-0.3574525239625087
-0.10608574090893232,0.8858455346199959
-1.7461661062113112,-0.41806663420180357
1.7131360933386517,0.3039908011317286
2.7047391692067246,3.307164199880752
-1.0700700448794578,-0.5616836793453177
1.4564529480993564,-1.3715521478735626
1.0903871683530084,-0.9393072574507758
-1.9484878796074527,-0.04578283192735128
-0.22990779930588842,0.9665050926541927
0.886733229053131,-1.2094148097585997
-0.5251807265946978,-0.08734497165468479
1.3880142645613611,-0.6418115598390018
-2.1333639368922666,0.22732111934145569
1.231349027458079,1.3638336633625723
1.2058145540875995,0.606704930024061
0.6049017526455771,0.5438687874651913
-1.9360726792267198,-0.36402085483014923
0.3109730062640833,-0.17696009283170647
-1.6122830163531654,-0.0606098484416948
-1.0650395291488626,-0.34262550744816517
1.9265288862082102,-0.7195522080575013
1.4313166319346775,1.7479042277852233
-1.9310421634961248,-0.1449626829329966
0.10865123286794197,0.1953237094427458
1.0991160339104622,-1.1435822682387466
2.7720395779191676,-1.764655764584325
-1.6619318028725172,0.9029720725992008
-1.6793775189838451,1.002151923604846
-0.9472579744947287,0.4470323133295687
1.662143125911984,0.9345515381606444
-0.9472579744947287,0.4470323133295687
-0.5228265576751547,-0.843699338351788
-1.0526243287681298,-0.660863530350963
2.9307410535351996,-1.7343048540595158
-0.41746020340175377,0.26419650532874367
0.08886336284065091,0.7414877565751985
1.4648638832500174,1.216523341761953
-1.5069166620797645,1.047285995238837
1.5349526630985417,-1.6631763921138185
-1.4274069590683518,-0.3337137997105018
0.891763744783726,-0.9903566378614471
-0.10977207573221141,0.9998085467348233
1.7792326229606836,0.02123440922397477
-4.650835886422118,2.564681482373089
-1.6122830163531654,-0.0606098484416948
0.18785502047614114,1.2973042443465974
-1.9484878796074527,-0.04578283192735128
2.4777929011308806,0.306865855542264
-2.1209487365115334,-0.09091690356134224
1.9614203184308656,-0.9179119100687918
0.5518725467061595,-0.8615666092322762
1.2997877109960745,0.6340930753280117
2.5097020711392712,1.616073944789908
-1.2549461021642712,-0.28857972807651083
-1.4398221594490848,-0.015475776807703831
2.5683736236157104,-1.7253931463218524
0.1754398200954082,1.6155422672493953
0.49584906354889674,-0.45006404410051326
-1.7511966219419062,-0.6371248060989562
0.48712019799144324,-0.24578903331254268
0.6981708369450383,-0.8223478463749656
1.3769432450879437,0.00944764707577602
0.5552529661262251,1.5074507085060866
-1.0526243287681298,-0.660863530350963
-1.5787357650378255,-0.5919907344649652
-0.9351486895172091,2.6117746202799608
2.1825319888456507,-1.0563543793369097
-1.4274069590683518,-0.3337137997105018
2.2181154786737403,0.4482608683662035
-1.4274069590683518,-0.3337137997105018
0.9374082660730055,0.952374953635971
-0.8392315358985714,-1.6844065395401933
-1.7636118223226391,-0.31888678319615826
0.12947736839933557,2.4651611761754637
2.012413285857533,-1.5484726470977077
2.2355611947850687,0.3490810173605582
1.3309687783882918,1.1684367265721403
0.7182928998674182,0.0538848412136449
-1.7461661062113112,-0.41806663420180357
-1.1371645475101373,0.5010780927012232
2.28520998130442,-0.6145009036803376
-0.8342010201679764,-1.4653483676430403
0.024111014125934683,1.3572653324949322
-1.1915379343568706,-1.2373784880082246
1.0605382668645276,-0.831259554112629
1.4561470326961432,1.1114281819796274
-0.07991115924015078,0.58239067282638
1.6738662686872827,-1.0866614344565568
1.9912812349229265,-1.3353297839772351
-1.797159073637979,0.21249410282711215
0.6904802368916869,2.197928678278175
0.4116147602101028,-1.7711027509015176
-0.5687890093712274,0.005919570574280171
-1.5612900489264976,-0.6911705854706105
1.1115312342911952,-1.4618202911415445
2.7628109058803174,4.622287597905076
1.0903871683530084,-0.9393072574507758
-1.6122830163531654,-0.0606098484416948
-1.7636118223226391,-0.31888678319615826
0.891763744783726,-0.9903566378614471
-1.276078153098878,-0.07543686495603831
0.14588481900656095,-0.4500201886953519
0.9253109960990658,-1.5217375238847175
2.141600052880173,0.012322701486311349
-1.4609542103836917,0.19766708631276864
-1.5787357650378255,-0.5919907344649652
-1.7461661062113112,-0.41806663420180357
2.507319624727853,-1.532948753087242
1.3782874259952598,0.3424688310877561
2.478802889143108,-0.7825096951668189
-0.04871807684435397,0.8073641535002128
1.5702302375234183,2.3244191854424847
0.1274291148830058,0.7385352130193766
-1.406274908133745,-0.5468566628309742
-1.276078153098878,-0.07543686495603831
-1.2499155864336762,-0.06952155617935817
-1.9360726792267198,-0.36402085483014923
-0.8516467362793043,-1.3661685166373951
1.664497294831527,0.1781971714635413
1.9255309131995626,0.06045317208128583
2.558006676751307,0.31947083973703294
2.4486480722514132,1.8085183380245184
-1.3938597077530122,-0.8650946857337721
0.26499853956443087,0.9820289866646581
0.7229892227029244,-1.1494537216102654
0.9038730297612455,1.1743856690889451
0.706581772095699,1.76572764326055
-1.0700700448794578,-0.5616836793453177
0.49953539837217603,-0.5640270562153404
-1.276078153098878,-0.07543686495603831
-1.4435084942723637,0.09848723530712329
1.9067410161809186,-0.17338816092504888
-1.7636118223226391,-0.31888678319615826
0.6595810548955239,-0.20065496167855174
0.8069176106385052,2.6545653150439295
-1.545188513722486,-1.1233716204882356
-1.036522793564118,-1.0930645653685882
2.1999777049569786,-1.155534230342555
-1.9484878796074527,-0.04578283192735128
-1.7636118223226391,-0.31888678319615826
2.4912180895238407,-1.1007477180696168
-1.2324698703223484,-0.16870140718500348
1.2454023091457613,-0.7949933348111395
1.672522087779967,-1.419682618468537
2.336202948731088,-1.2450616407092532
-1.6458302676685053,0.4707710375815756
-1.288493353479611,0.24280115794675958
-0.7288346658945754,-0.3574525239625087
1.0554957361303527,-0.7409475554394853
1.7664832296848623,-1.08292430259429
1.0354019506998484,2.288196821546157
0.6595810548955239,-0.20065496167855174
1.7396165904106466,-2.4824443905150777
-1.5787357650378255,-0.5919907344649652
-0.24365516559035744,0.6423517609747145
3.213610795446856,-0.6715869374181367
-0.6952874145792354,-0.888833409985779
1.8222007974389114,0.9885534621271371
0.1136817485985368,0.4143818813398984
-0.7003179303098306,-1.1078915818829316
-1.6407997519379103,0.6898292094787283
-1.288493353479611,0.24280115794675958
2.6140301599085696,-0.09203172539473034
1.2524810783926859,1.1506908002421
2.803936732923978,-0.14607750476638465
2.052335233810784,-1.5277741772118456
2.167428426650286,-1.4041587244580713
0.4623018122335571,0.08131684192275702
-1.2089836504681986,-1.1381986370025792
-0.6184377958905793,0.9695014916151757
-0.09232635962088366,0.900628695729178
-0.1866216944208676,-0.8585263548661315
2.4601532939413695,4.1057337283961495
0.6820572867374466,-0.08077664078704427
-1.288493353479611,0.24280115794675958
-1.779713357526651,0.11331425182146687
-2.1209487365115334,-0.09091690356134224
-1.5069166620797645,1.047285995238837
-1.8307063249533189,0.7438749888503826
2.3150708977964807,-1.0319187775887808
-0.6952874145792354,-0.888833409985779
-0.09232635962088366,0.900628695729178
-1.545188513722486,-1.1233716204882356
-0.774797117590648,0.4921663849635597
0.04320682654779149,-0.8918736643519237
-1.4733694107644246,0.5159051092155666
0.8954500796070051,-1.1043196499762744
1.3930447802919559,-0.4227533879418491
-1.0985867804642024,0.18875537857510521
2.89555572091291,0.637665007234669
0.5059100950100868,-0.011947700306208115
-1.9484878796074527,-0.04578283192735128
2.0704850225311255,-0.23334924907338322
0.6696541013602935,-0.07190878845454256
0.6770267710068517,-0.299834812684197
-0.3332259000629596,1.5852352121297482
0.1371679684526869,-0.5551153484776771
-1.5787357650378255,-0.5919907344649652
-1.7511966219419062,-0.6371248060989562
-1.438477978541769,0.317545407204276
-1.1754363991528587,-1.6695795230258494
-1.4398221594490848,-0.015475776807703831
-1.797159073637979,0.21249410282711215
1.2873725106153415,0.9523310982308096
-0.39363979065251536,0.7170960102322309
0.3431760766721074,-1.0413621628669567
1.2524810783926859,1.1506908002421
1.065568782595122,-0.6122013822154762
-1.322040604794951,0.7741820439700301
2.432852452450615,-0.2422609568110467
0.6220415533536916,2.927669266312736
2.1912368243959452,-0.6418890489842879
-1.7300645710072993,-0.8502676692194285
-1.9645894148114647,0.3864182030902738
-1.797159073637979,0.21249410282711215
-1.5787357650378255,-0.5919907344649652
-2.0998166855769265,-0.3040597666818146
-1.2549461021642712,-0.28857972807651083
-1.4274069590683518,-0.3337137997105018
-0.400014487290426,0.1650166543230984
0.9374202810765853,0.643004783065675
2.5244594254359676,0.8508517257603031
-1.0700700448794578,-0.5616836793453177
-1.7300645710072993,-0.8502676692194285
-1.2089836504681986,-1.1381986370025792
1.0528476668111764,2.189016970540512
-1.792128557907384,0.4315522747242648
1.626265735684261,1.6035464497404257
1.273613129327293,0.9375479371216279
-1.6458302676685053,0.4707710375815756
1.7514199599849525,2.1652782462885054
-0.812030703729267,1.1375102831016572
0.7229892227029244,-1.1494537216102654
1.90509091987039,1.9765709849161615
1.396731115115235,-0.5367164000566761
-1.6122830163531654,-0.0606098484416948
1.5601692060622285,1.8863028416481795
1.018262149991734,-0.09560365730138791
0.8645791751027171,0.40247377464125195
-1.4274069590683518,-0.3337137997105018
-1.2425309017835384,-0.6068177509793087
-0.22252311465575045,0.42920889785424204
-0.7623819172099151,0.17392836206076176
-0.5439586086097618,-0.6305564752313156
2.7703894816086385,0.3853033812568859
-0.13295238018314798,-0.5136745533007914
2.2976251816851527,-0.9327389265831353
-1.2089836504681986,-1.1381986370025792
0.041556730237262515,1.2580854814892868
0.6595930698991036,-0.5100251322488478
-1.6458302676685053,0.4707710375815756
-1.2089836504681986,-1.1381986370025792
-1.6458302676685053,0.4707710375815756
1.8389304259376462,-0.19486099745231922
1.8084414161508628,0.9737703010179556
1.3789794836006943,2.045443780802159
1.501405411783202,-1.1317955060905478
-1.271047637368283,0.14362130694111425
-1.276078153098878,-0.07543686495603831
1.2366854585918874,-0.9000884945934652
-1.0576548444987248,-0.8799217022481156
2.3234818329471416,1.556156712046735
0.7367486039909732,-1.1346705605010834
-0.8677482714833161,-0.93396748161977
0.19218146359772237,0.12275763709964284
-0.9187412389099839,-0.3034067445908543
-1.7636118223226391,-0.31888678319615826
0.6049017526455771,0.5438687874651913
1.509482154038774,0.03388324882390494
-1.9310421634961248,-0.1449626829329966
0.9709555173883454,0.4209940676127006
1.30113189190339,0.9671142593399914
1.0357078661030616,-0.19478350830703323
-1.5612900489264976,-0.6911705854706105
-1.0526243287681298,-0.660863530350963
-1.6072525006225704,0.1584483234554578
-0.7623819172099151,0.17392836206076176
-1.4733694107644246,0.5159051092155666
-0.4721395056517006,1.0087202544724865
-0.46710898992110567,1.2277784263696392
3.0556013774362585,1.0010371017714577
2.2801794655738252,-0.8335590755774901
1.6946924042186764,1.1831760322761609
1.4440377477186237,-1.053314124970765
2.316415078703797,-0.6988975935768008
-0.6617401632638957,-1.4202142960090494
-1.3603124564376723,-1.3964755717570425
-0.10608574090893232,0.8858455346199959
-1.9360726792267198,-0.36402085483014923
0.4945048826415812,-0.7830852281124931
1.0528476668111764,2.189016970540512
-1.3938597077530122,-0.8650946857337721
1.8399524289534528,-1.5936067187316987
-0.5899210603058344,0.21906243369475273
0.8421029432607944,0.2825954537497446
-0.6852263831180457,-0.4507170661914737
-1.2089836504681986,-1.1381986370025792
2.441569303004489,-0.1371657970287214
-2.1333639368922666,0.22732111934145569
1.3122029113768072,0.31585505242521383
-1.2549461021642712,-0.28857972807651083
-1.6122830163531654,-0.0606098484416948
-0.6952874145792354,-0.888833409985779
0.7562305586150511,0.802145722219655
-0.795929168525255,0.7053092480840322
1.8879511191622753,-0.40722949393138363
0.36534639311081674,1.5614964878777409
1.6235653588660495,1.2468742522867624
-1.2089836504681986,-1.1381986370025792
-1.0351786126568019,-0.7600433813566083
-0.148349842778146,1.3121312608609412
2.2741389618310035,0.0367583032344402
-1.6122830163531654,-0.0606098484416948
2.8163519333047113,-0.46431552766918277
2.2247960907148645,-1.4826401055778546
-1.897494912180785,-0.6763435689562669
-1.288493353479611,0.24280115794675958
-1.9360726792267198,-0.36402085483014923
-1.4733694107644246,0.5159051092155666
1.1434163742924262,0.46612813924669155
-1.2213988508489315,-0.8199606140997812
2.457670838208501,-0.5693668320463465
0.5663239855996426,0.8561915015913093
1.3917005993846403,-0.7557745719538289
0.9300355964264474,1.1803009778656255
-1.9360726792267198,-0.36402085483014923
-1.7636118223226391,-0.31888678319615826
1.5829513533073643,-0.47679916731350336
-1.1381907980106598,-2.624293591734243
-1.779713357526651,0.11331425182146687
-0.1520361776014253,1.4260942729757682
-0.5164518610372442,-0.29161998244265563
-1.7461661062113112,-0.41806663420180357
0.03683212990988082,-1.4439530202610564
-1.6233540358265826,0.590649358473083
-1.9484878796074527,-0.04578283192735128
-1.4274069590683518,-0.3337137997105018
-0.880163471864049,-0.615729458716972
-1.2549461021642712,-0.28857972807651083
1.2538252593000019,1.4837119842540796
1.0464849851768452,1.3275674440610834
-2.1544959878268735,0.44046398246192814
-0.901295522798656,-0.4025865955964997
-0.06012328921285953,0.0362266256939277
-0.8466162205487092,-1.1471103447402426
-1.6122830163531654,-0.0606098484416948
0.48343386316816395,-0.13182602119771553
-1.4559236946530967,0.41672525820992123
-0.5164518610372442,-0.29161998244265563
-1.7636118223226391,-0.31888678319615826
-1.2549461021642712,-0.28857972807651083
-0.913710723179389,-0.08434857269370173
-1.024107593183385,-1.411302588271386
1.123628504265135,1.012292186379144
-0.04770808883212659,-0.28201139720887025
1.7034212697761302,0.9789010214881901
-0.2698177322555592,0.6364364521980344
0.07879031637588127,0.612741583351189
2.0617561569736718,-0.029074238285412647
-1.7636118223226391,-0.31888678319615826
-1.6072525006225704,0.1584483234554578
1.3880142645613611,-0.6418115598390018
0.6894419713875845,-0.6180728355869947
1.663805237226093,-1.5247777782508622
-1.2089836504681986,-1.1381986370025792
0.5116446833496957,1.6007152507350517
1.8715436685550502,2.5079518709394324
1.6869735266734496,0.2980754923550485
0.6471778695183706,-0.1917871093460498
1.0639186862845933,1.537757763625734
1.5953665536880972,-0.7950371902163014
1.2017940263692317,-0.7017287925821747
-0.28591926745957114,1.0686374872156597
-0.38391295208641396,-0.26718438069452677
-1.6458302676685053,0.4707710375815756
0.18047033582600314,1.8346004391465478
-0.47686410597908213,-1.6933182472778565
-1.0526243287681298,-0.660863530350963
-1.2089836504681986,-1.1381986370025792
1.9983479891662714,0.9197245216463011
1.984600622881802,0.595571189966823
2.485189600784598,-0.5398005098279823
0.9303415118296607,-1.302679351987565
-0.8342010201679764,-1.4653483676430403
2.5704218771320404,0.0012328168342349904
-1.7461661062113112,-0.41806663420180357
-1.7300645710072993,-0.8502676692194285
2.420437252069882,0.0759770660917514
1.098810118507249,1.3393980616144434
-1.6458302676685053,0.4707710375815756
-1.288493353479611,0.24280115794675958
0.3173477029019939,0.3751192630774261
-0.04133339219421605,0.2700679587002622
-1.6458302676685053,0.4707710375815756
-1.5898067845112425,0.05926847244981253
1.5172010315840008,0.9189837887450173
2.095303408289012,-0.5604551243086833
-1.406274908133745,-0.5468566628309742
-1.1110019808449354,0.5069934014779032
0.18919920138345692,1.630325428358577
-1.4223764433377568,-0.11465562781334913
-1.5787357650378255,-0.5919907344649652
-1.1915379343568706,-1.2373784880082246
-0.009436237189405384,1.8886462185182022
1.3319907814040985,-0.2303089947072388
-1.6122830163531654,-0.0606098484416948
1.6164986046227043,-1.008180053336774
-3.390250736743763,1.1843347095147108
-1.7511966219419062,-0.6371248060989562
-1.797159073637979,0.21249410282711215
1.628913805003437,-1.3264180762395716
-2.1209487365115334,-0.09091690356134224
-0.2996786487476199,1.0538543261064774
0.6807131058301309,-0.4137978247990242
2.167428426650286,-1.4041587244580713
-1.2536019212569554,0.04444145593546901
-0.8851939875946441,-0.8347876306141246
1.3558111941533368,0.22259051019624876
0.1928855362067361,1.51636241624375
0.27208932381493534,2.6183429511476017
0.30224414070662964,0.02731491795626433
-0.9657299411065795,-2.5791595201002524
-1.5948373002418375,-0.15978969944734012
-1.813260608841991,0.6446951378447373
1.5739165723466977,2.2104561733276573
-1.3603124564376723,-1.3964755717570425
-1.0861715800834695,-0.12948264432769271
-1.9360726792267198,-0.36402085483014923
0.5589513159530841,1.0841175258209632
0.02042467930265539,1.471228344609759
0.8669213290186806,-0.044510421485555056
1.8892953000695911,-0.07420830991940361
-1.0985867804642024,0.18875537857510521
