ID,Age,Income,Kidhome,Teenhome,Children,Family_Size,Is_Parent,Days_Enrolled,Recency,Complain
5524,68,58138.0,0,0,0,1,0,4695,58,0
2174,71,46344.0,1,1,2,3,1,4145,38,0
4141,60,71613.0,0,0,0,2,0,4344,26,0
6182,41,26646.0,1,0,1,3,1,4171,26,0
5324,44,58293.0,1,0,1,3,1,4193,94,0
7446,58,62513.0,0,1,1,3,1,4325,16,0
965,54,55635.0,0,1,1,2,1,4625,34,0
6177,40,33454.0,1,0,1,3,1,4449,32,0
4855,51,30351.0,1,0,1,3,1,4420,19,0
5899,75,5648.0,1,1,2,4,1,4140,68,0
1994,42,51381.5,1,0,1,3,1,4258,11,0
387,49,7500.0,0,0,0,2,0,4625,59,0
2125,66,63033.0,0,0,0,1,0,4258,82,0
8180,73,59354.0,1,1,2,3,1,4258,53,0
2569,38,17323.0,0,0,0,2,0,4659,38,0
2114,79,82800.0,0,0,0,1,0,4614,23,0
9736,45,41850.0,1,1,2,4,1,4584,51,0
4939,79,37760.0,0,0,0,2,0,4699,20,0
6565,76,76995.0,0,1,1,3,1,4490,91,0
2278,40,33812.0,1,0,1,2,1,4635,86,0
9360,43,37040.0,0,0,0,2,0,4722,41,0
5376,46,2447.0,1,0,1,3,1,4571,42,0
1993,76,58607.0,0,1,1,3,1,4585,63,0
4047,71,65324.0,0,1,1,3,1,4201,0,0
1409,74,40689.0,0,1,1,3,1,4500,69,0
7892,56,18589.0,0,0,0,1,0,4575,89,0
2404,49,53359.0,1,1,2,4,1,4430,4,0
5255,39,51381.5,1,0,1,2,1,4526,19,0
9422,36,38360.0,1,0,1,3,1,4426,26,0
1966,60,84618.0,0,0,0,2,0,4251,96,0
6864,36,10979.0,0,0,0,1,0,4070,34,0
3033,62,38620.0,0,0,0,2,0,4446,56,0
5710,55,40548.0,0,1,1,3,1,4659,31,0
7373,73,46610.0,0,2,2,3,1,4640,8,0
8755,79,68657.0,0,0,0,2,0,4526,4,0
10738,74,49389.0,1,1,2,3,1,4336,55,0
4339,55,67353.0,0,1,1,3,1,4212,37,0
10755,49,23718.0,1,0,1,3,1,4332,76,0
8595,52,42429.0,0,1,1,2,1,4170,99,0
2968,82,48948.0,0,0,0,1,0,4545,53,0
8601,45,80011.0,0,1,1,3,1,4458,3,0
503,40,20559.0,1,0,1,3,1,4506,88,0
8430,68,21994.0,0,1,1,3,1,4584,4,0
7281,66,51381.5,0,0,0,1,0,4268,80,0
2139,50,7500.0,1,0,1,3,1,4302,19,0
1371,49,79941.0,0,0,0,1,0,4033,72,0
9909,29,7500.0,0,0,0,2,0,4629,24,0
7286,57,41728.0,1,0,1,3,1,4433,92,0
7244,74,51381.5,2,1,3,4,1,4211,96,0
6566,71,72550.0,1,1,2,4,1,4630,39,0
8614,68,65486.0,0,1,1,2,1,4080,29,0
4114,61,79143.0,0,0,0,2,0,4719,2,0
1331,48,35790.0,1,0,1,2,1,4575,54,0
2225,48,82582.0,0,0,0,1,0,4054,54,0
9381,47,66373.0,1,1,2,4,1,4414,57,0
6260,70,82384.0,0,0,0,2,0,4619,55,0
10383,59,70287.0,0,0,0,1,0,4485,30,0
7437,37,27938.0,1,0,1,2,1,4094,31,0
8557,43,51381.5,1,0,1,2,1,4409,57,0
8375,57,55954.0,0,1,1,3,1,4150,63,0
6853,43,75777.0,0,0,0,1,0,4392,12,0
3076,50,66653.0,1,1,2,4,1,4692,18,0
1012,73,61823.0,0,1,1,2,1,4528,26,0
6518,74,67680.0,0,1,1,2,1,4415,8,0
4137,77,70666.0,0,0,0,2,0,4237,29,0
8082,54,25721.0,1,0,1,3,1,4436,75,0
1386,58,32474.0,1,1,2,4,1,4081,0,0
9369,46,88194.0,0,1,1,2,1,4134,19,0
4477,67,69096.0,0,1,1,3,1,4307,4,0
1357,55,74854.0,1,2,3,5,1,4479,90,0
1402,71,66991.0,0,0,0,2,0,4688,1,0
10629,52,51381.5,1,0,1,3,1,4685,25,0
6312,66,65031.0,0,1,1,3,1,4501,29,0
8132,50,60631.0,1,1,2,4,1,4482,88,0
1050,73,28332.0,0,0,0,2,0,4092,58,0
5846,48,40246.0,1,0,1,2,1,4589,68,0
1859,53,75251.0,0,0,0,2,0,4703,34,0
7503,49,75825.0,0,0,0,1,0,4657,40,0
10401,49,26326.0,0,0,0,2,0,4330,12,1
1618,60,56046.0,0,0,0,2,0,4575,9,0
3332,40,29760.0,1,0,1,2,1,4701,87,0
2261,56,26304.0,1,0,1,3,1,4403,5,0
5346,52,23559.0,1,0,1,3,1,4393,87,0
4119,62,38620.0,0,0,0,2,0,4446,56,0
535,38,81361.0,0,0,0,1,0,4156,18,0
5268,65,29440.0,1,1,2,4,1,4354,95,0
273,55,36138.0,1,1,2,4,1,4380,48,0
4452,68,50388.0,0,1,1,2,1,4064,3,0
8504,52,79593.0,0,0,0,2,0,4080,70,0
771,58,54178.0,0,1,1,3,1,4191,79,0
8996,68,51381.5,2,1,3,5,1,4619,4,0
9235,68,51381.5,1,1,2,3,1,4065,45,0
5798,52,51381.5,0,0,0,2,0,4250,87,0
11178,53,42394.0,1,0,1,2,1,4130,69,0
2230,55,23626.0,1,0,1,3,1,4068,84,0
7516,42,30096.0,1,0,1,3,1,4070,30,0
7247,65,47916.0,0,1,1,2,1,4616,72,0
11100,53,51813.0,1,1,2,3,1,4476,37,0
4646,74,78497.0,0,0,0,2,0,4242,44,0
3037,42,50150.0,0,0,0,2,0,4406,32,0
1473,65,47823.0,0,1,1,2,1,4373,0,0
1016,66,34554.0,0,1,1,2,1,4123,43,0
4518,46,85693.0,0,1,1,3,1,4467,59,0
9370,80,65846.0,0,0,0,2,0,4440,68,0
8908,66,87195.0,0,0,0,2,0,4084,35,0
8373,46,24594.0,1,0,1,3,1,4233,94,0
7533,61,49096.0,1,1,2,4,1,4310,15,0
2683,56,52413.0,0,2,2,4,1,4544,56,0
3629,47,38557.0,1,0,1,2,1,4589,17,0
10991,65,89058.0,0,0,0,2,0,4601,18,0
5077,46,77298.0,0,1,1,3,1,4271,46,0
7431,34,68126.0,0,0,0,1,0,4628,40,0
3267,62,57288.0,0,1,1,3,1,4036,27,0
999,34,86037.0,0,0,0,1,0,4575,95,0
9215,45,43974.0,1,0,1,3,1,4596,19,0
2286,63,50785.0,1,1,2,3,1,4324,27,0
1592,55,90765.0,0,0,0,2,0,4188,25,0
367,47,36550.0,1,0,1,3,1,4527,74,0
5234,58,30753.0,1,1,2,4,1,4385,85,0
9862,56,21918.0,1,0,1,3,1,4259,37,0
9805,72,56129.0,0,1,1,3,1,4406,65,0
6205,58,32557.0,1,0,1,2,1,4157,13,0
8442,40,19510.0,2,0,2,4,1,4330,63,0
7386,49,30992.0,1,0,1,2,1,4465,83,0
7215,42,101970.0,0,0,0,1,0,4506,69,0
1491,60,71488.0,0,0,0,2,0,4528,87,0
11071,41,79607.0,0,0,0,1,0,4466,37,0
3381,72,54348.0,1,1,2,4,1,4053,51,0
8268,64,51381.5,0,1,1,3,1,4385,23,0
11051,69,77376.0,1,1,2,4,1,4082,72,0
8026,73,62998.0,0,1,1,3,1,4304,10,0
433,67,61331.0,1,1,2,3,1,4508,42,0
9597,56,73448.0,0,0,0,2,0,4171,10,0
1295,62,51381.5,0,1,1,3,1,4354,96,0
5290,61,41551.0,1,1,2,4,1,4351,51,0
1685,58,62981.0,0,0,0,2,0,4501,21,0
5342,49,9548.0,1,0,1,2,1,4722,31,0
9579,66,33762.0,2,1,3,5,1,4389,61,0
7660,52,35860.0,1,1,2,3,1,4073,37,0
1461,60,36921.0,1,1,2,3,1,4368,74,0
821,33,92859.0,0,0,0,1,0,4650,46,0
11084,49,65104.0,0,1,1,3,1,4259,4,0
8690,63,86111.0,0,0,0,2,0,4468,73,0
2937,51,68352.0,0,1,1,2,1,4337,47,0
9701,37,41883.0,1,0,1,3,1,4499,13,0
9949,49,59809.0,0,2,2,4,1,4651,36,0
10837,50,23957.0,1,0,1,3,1,4641,47,0
3120,44,38547.0,1,0,1,3,1,4337,49,1
5885,52,35688.0,2,1,3,5,1,4708,94,0
4050,59,49605.0,0,0,0,2,0,4040,65,0
3830,72,59354.0,0,2,2,4,1,4098,59,0
7987,56,65747.0,0,1,1,3,1,4146,96,0
7798,53,46344.0,0,1,1,3,1,4594,28,0
92,37,34176.0,1,0,1,2,1,4080,12,0
7055,73,61010.0,0,1,1,3,1,4660,57,0
10240,76,69372.0,0,0,0,2,0,4527,10,0
3025,67,49967.0,0,1,1,2,1,4388,4,0
9283,47,60199.0,1,2,3,4,1,4322,49,0
9970,48,55375.0,0,1,1,3,1,4287,3,0
2730,70,80317.0,0,0,0,1,0,4345,64,0
2795,67,30523.0,2,1,3,4,1,4395,0,0
9260,80,70356.0,0,0,0,2,0,4633,20,0
8182,41,23228.0,1,0,1,3,1,4207,91,0
10095,50,74165.0,0,0,0,1,0,4456,9,0
8475,52,157243.0,0,1,1,3,1,4152,98,0
4370,59,43482.0,2,1,3,5,1,4260,83,0
10573,72,62551.0,0,0,0,1,0,4255,27,0
3712,66,52332.0,0,0,0,1,0,4337,63,0
6637,37,66951.0,0,0,0,1,0,4271,46,0
3152,68,26091.0,1,1,2,4,1,4156,84,0
5610,60,33456.0,1,1,2,4,1,4101,58,0
6460,43,28718.0,1,0,1,3,1,4383,78,0
1349,55,50447.0,2,0,2,4,1,4101,4,0
1880,66,53537.0,1,1,2,4,1,4182,17,0
641,58,52074.0,0,1,1,2,1,4118,77,0
8717,50,80427.0,0,1,1,3,1,4687,56,0
10314,77,83837.0,0,0,0,2,0,4592,79,0
10854,55,38853.0,1,1,2,4,1,4069,90,0
10492,66,38285.0,2,1,3,5,1,4037,96,0
6935,74,78497.0,0,0,0,2,0,4242,44,0
7698,49,51650.0,0,1,1,3,1,4081,81,0
3559,37,16248.0,1,0,1,3,1,4082,77,0
10562,79,66835.0,0,0,0,2,0,4306,21,0
10796,41,30477.0,1,0,1,3,1,4190,16,0
2563,64,28249.0,0,0,0,2,0,4046,80,0
3518,42,25271.0,1,0,1,3,1,4603,45,0
5823,55,32303.0,0,1,1,2,1,4145,63,0
3934,59,61286.0,0,1,1,3,1,4363,34,0
6982,49,74068.0,0,0,0,2,0,4499,14,0
6431,61,45759.0,1,1,2,4,1,4523,13,0
9733,47,24882.0,1,0,1,3,1,4690,52,0
5602,36,66973.0,0,0,0,2,0,4440,98,0
1324,37,38872.0,1,0,1,3,1,4427,93,0
326,52,51148.0,1,1,2,4,1,4528,38,0
7224,48,31353.0,1,1,2,4,1,4214,24,0
6999,45,69661.0,0,0,0,2,0,4079,80,0
9938,71,80067.0,0,0,0,2,0,4315,82,0
6422,71,86718.0,0,0,0,2,0,4560,20,0
3182,52,46854.0,1,1,2,3,1,4122,81,0
7300,73,69142.0,0,1,1,2,1,4032,50,0
10424,57,75922.0,0,0,0,1,0,4234,60,0
8727,47,63693.0,0,1,1,2,1,4290,63,0
2798,48,102160.0,0,0,0,2,0,4636,54,0
1030,60,40637.0,1,1,2,3,1,4379,72,0
624,41,18890.0,0,0,0,1,0,4628,5,0
5176,37,29604.0,1,0,1,3,1,4235,88,0
5552,62,48721.0,1,1,2,3,1,4444,50,0
868,59,44794.0,0,1,1,3,1,4053,99,0
380,71,64497.0,0,1,1,2,1,4689,17,0
2677,69,46097.0,0,1,1,3,1,4487,11,0
6521,71,77972.0,0,0,0,2,0,4135,18,0
6927,57,44377.0,1,1,2,4,1,4664,70,0
2877,51,46014.0,1,1,2,4,1,4556,21,0
0,40,70951.0,0,0,0,2,0,4453,66,0
1584,48,41443.0,1,0,1,3,1,4121,79,0
7264,47,52195.0,2,1,3,4,1,4080,2,0
6274,77,83790.0,0,0,0,2,0,4258,81,0
1377,71,44551.0,0,1,1,2,1,4334,24,0
454,45,69508.0,1,0,1,3,1,4624,48,0
1755,37,45204.0,1,0,1,3,1,4111,93,0
2075,56,72460.0,0,0,0,2,0,4259,56,0
4785,55,77622.0,0,2,2,4,1,4108,3,0
9076,45,30732.0,1,0,1,3,1,4572,44,0
7079,63,63887.0,0,1,1,2,1,4691,38,0
4653,47,42011.0,1,0,1,3,1,4492,46,0
7375,49,51369.0,0,1,1,3,1,4644,84,0
709,73,51537.0,0,1,1,2,1,4599,27,0
460,53,79930.0,0,0,0,2,0,4722,72,0
3726,39,34320.0,1,0,1,3,1,4165,66,0
6798,59,37070.0,1,1,2,3,1,4498,30,0
5341,63,81975.0,0,1,1,2,1,4572,2,0
1606,54,38590.0,1,0,1,3,1,4442,65,0
9617,74,15033.0,0,0,0,1,0,4106,37,0
3233,60,62745.0,0,1,1,3,1,4495,89,0
89,50,22212.0,1,0,1,3,1,4234,49,0
2936,43,23661.0,1,0,1,3,1,4239,46,0
9449,67,79761.0,0,1,1,2,1,4300,32,0
7297,52,7500.0,1,0,1,2,1,4217,54,0
313,57,73455.0,0,0,0,1,0,4276,98,0
9940,67,64961.0,0,1,1,3,1,4585,97,0
10735,54,22804.0,1,0,1,2,1,4365,75,0
9529,35,73687.0,0,0,0,2,0,4245,8,0
6439,67,61074.0,0,1,1,3,1,4713,37,0
7411,61,31686.0,1,1,2,4,1,4056,31,0
2176,53,80134.0,1,0,1,3,1,4437,40,0
9265,72,75027.0,0,1,1,3,1,4568,74,0
8867,37,67546.0,0,0,0,2,0,4699,90,0
8932,56,65176.0,0,1,1,3,1,4640,57,0
10236,50,31160.0,1,0,1,2,1,4318,59,0
6340,40,29938.0,1,0,1,2,1,4277,52,0
10089,51,102692.0,0,0,0,1,0,4482,5,0
2227,67,26490.0,0,0,0,2,0,4677,92,0
10992,58,75702.0,1,1,2,4,1,4701,77,0
5304,51,30899.0,1,0,1,2,1,4656,35,0
309,64,63342.0,0,1,1,3,1,4653,48,0
3406,61,45989.0,0,1,1,2,1,4647,97,0
2661,61,18701.0,1,1,2,3,1,4422,95,0
3153,68,40737.0,2,1,3,4,1,4235,24,0
10264,46,15287.0,1,0,1,2,1,4659,60,0
1184,57,69674.0,0,2,2,3,1,4435,46,0
4200,55,44159.0,1,0,1,3,1,4044,85,0
9396,47,37717.0,1,0,1,3,1,4615,31,0
2387,73,43776.0,1,1,2,4,1,4543,9,0
6690,59,38179.0,1,1,2,4,1,4504,30,0
1225,62,80124.0,0,0,0,2,0,4035,47,0
9703,55,38097.0,1,1,2,4,1,4654,70,0
291,55,72940.0,0,0,0,2,0,4407,13,0
4557,55,22070.0,1,0,1,3,1,4300,11,0
2379,72,69267.0,0,0,0,1,0,4677,31,0
5726,42,31788.0,1,0,1,2,1,4133,15,1
3066,50,61905.0,0,1,1,3,1,4177,2,0
6336,65,29315.0,1,1,2,4,1,4116,55,0
10967,62,33378.0,1,1,2,3,1,4540,38,0
2304,62,66313.0,0,1,1,3,1,4318,86,0
3445,69,60714.0,0,0,0,1,0,4560,56,0
7828,44,77882.0,0,0,0,2,0,4092,29,0
3762,39,69867.0,0,0,0,1,0,4485,30,0
4391,57,63841.0,0,1,1,2,1,4466,64,0
4669,44,24480.0,1,0,1,3,1,4535,46,0
10144,49,51369.0,0,1,1,3,1,4644,84,0
8652,79,37760.0,0,0,0,2,0,4699,20,0
1672,51,65640.0,0,1,1,3,1,4152,74,0
8962,50,44319.0,1,1,2,4,1,4105,18,0
9974,51,30631.0,1,0,1,3,1,4384,75,0
10983,73,75278.0,0,0,0,2,0,4548,17,0
8148,69,50898.0,1,1,2,4,1,4569,88,0
10102,59,79946.0,0,0,0,1,0,4080,19,0
4697,76,35416.0,0,0,0,1,0,4413,62,0
9262,41,32414.0,0,0,0,2,0,4392,11,0
7254,56,38361.0,1,0,1,3,1,4216,74,0
4543,45,82497.0,0,0,0,2,0,4638,32,0
4927,54,16626.0,2,0,2,4,1,4197,76,0
10451,60,29672.0,1,1,2,4,1,4506,6,0
2926,73,55951.0,0,1,1,3,1,4707,62,0
2874,37,35388.0,1,0,1,2,1,4511,20,0
9738,39,42386.0,1,0,1,3,1,4564,43,0
7119,43,68627.0,0,0,0,1,0,4565,45,0
3924,60,57912.0,0,1,1,2,1,4136,34,0
5827,67,35246.0,1,1,2,3,1,4106,53,0
5596,69,58821.0,0,1,1,3,1,4292,44,0
10812,47,46377.0,1,0,1,3,1,4152,89,0
1717,37,39747.0,1,0,1,2,1,4109,43,0
9491,41,23976.0,1,0,1,3,1,4216,68,0
9274,64,80950.0,0,0,0,2,0,4490,44,0
6609,59,27038.0,0,0,0,1,0,4681,64,0
6963,78,77457.0,0,0,0,1,0,4148,85,0
4440,61,64100.0,0,1,1,3,1,4324,93,0
1379,33,42670.0,0,0,0,2,0,4460,12,0
10032,49,12571.0,1,0,1,2,1,4194,86,0
2826,58,22574.0,2,1,3,5,1,4276,28,0
2437,36,51381.5,0,0,0,2,0,4423,69,0
6320,49,70893.0,0,0,0,1,0,4540,42,0
3050,59,54198.0,1,1,2,4,1,4226,13,0
231,69,28839.0,1,1,2,4,1,4142,86,0
2392,53,40321.0,1,1,2,4,1,4367,59,0
9478,40,66503.0,1,0,1,2,1,4716,30,0
113,74,30833.0,1,1,2,4,1,4380,33,0
2863,55,51381.5,1,2,3,4,1,4342,67,0
1802,54,64795.0,0,1,1,3,1,4560,23,0
520,51,34421.0,1,0,1,3,1,4395,81,0
8275,60,47025.0,1,1,2,3,1,4172,6,0
9750,64,64325.0,0,1,1,2,1,4539,41,0
2607,72,40464.0,0,1,1,2,1,4566,78,0
7214,68,62187.0,0,0,0,2,0,4391,49,0
5835,49,14849.0,1,0,1,2,1,4394,39,0
3896,41,27255.0,1,0,1,3,1,4266,3,0
10350,75,54432.0,2,1,3,5,1,4448,37,0
7786,39,29999.0,1,0,1,2,1,4533,22,0
2861,42,24072.0,1,0,1,2,1,4471,79,0
663,36,33996.0,0,0,0,1,0,4323,46,0
10675,69,66334.0,0,1,1,3,1,4484,82,0
2521,54,35178.0,1,0,1,3,1,4567,10,0
9592,42,22010.0,1,0,1,3,1,4396,51,0
10151,65,62204.0,0,2,2,3,1,4687,38,0
7381,57,75693.0,0,0,0,1,0,4602,10,0
4099,53,30675.0,1,0,1,3,1,4626,14,0
9560,60,83003.0,0,0,0,2,0,4515,18,0
10172,37,68655.0,0,0,0,1,0,4720,95,0
11191,39,41411.0,0,0,0,1,0,4236,11,0
9707,56,55212.0,0,1,1,3,1,4615,65,0
6245,75,59292.0,0,1,1,3,1,4413,71,0
8234,52,27190.0,1,0,1,3,1,4350,13,0
1411,73,82623.0,0,0,0,1,0,4263,58,0
8553,60,44300.0,1,1,2,4,1,4403,65,0
1826,55,84835.0,0,0,0,1,0,4045,0,0
8842,54,30372.0,1,1,2,3,1,4583,33,0
11030,49,33181.0,1,0,1,3,1,4209,90,0
2579,68,71113.0,0,1,1,3,1,4226,95,0
175,39,71952.0,1,0,1,3,1,4567,93,0
9185,59,69759.0,0,0,0,1,0,4276,38,0
11056,51,72099.0,0,0,0,2,0,4642,18,0
9365,49,60000.0,0,1,1,2,1,4586,57,0
6201,47,38643.0,1,1,2,3,1,4244,45,1
2061,70,50737.0,0,1,1,3,1,4446,61,0
6184,56,68462.0,0,0,0,2,0,4596,6,0
6142,82,65073.0,0,0,0,2,0,4345,65,1
4107,77,46681.0,0,2,2,4,1,4296,52,0
7274,68,78618.0,0,0,0,2,0,4671,87,0
9336,56,62187.0,0,1,1,2,1,4131,38,0
2958,47,28442.0,2,0,2,4,1,4157,53,0
933,47,37717.0,1,0,1,3,1,4615,31,0
5837,58,51479.0,1,1,2,4,1,4580,67,0
10704,56,54803.0,0,1,1,2,1,4709,65,0
5125,65,79530.0,0,0,0,2,0,4440,64,0
4432,49,31615.0,1,0,1,2,1,4502,82,0
5955,63,72025.0,0,0,0,2,0,4621,27,0
2928,50,52614.0,0,1,1,2,1,4607,63,0
5680,41,35684.0,1,0,1,3,1,4100,66,0
10313,50,48178.0,1,1,2,4,1,4641,69,0
2557,55,29548.0,1,0,1,2,1,4336,52,0
1245,59,63810.0,0,1,1,2,1,4627,45,0
1519,53,38578.0,1,1,2,3,1,4404,2,0
10703,50,46098.0,1,1,2,3,1,4712,86,0
1726,55,22585.0,0,0,0,1,0,4500,23,0
4459,36,30279.0,1,0,1,2,1,4578,13,0
1729,64,66426.0,0,1,1,3,1,4302,14,0
1517,56,30822.0,1,0,1,2,1,4412,92,0
2098,56,33581.0,2,0,2,4,1,4569,38,0
9543,40,19986.0,1,0,1,3,1,4259,74,0
6878,71,27421.0,0,0,0,1,0,4596,14,0
3310,52,35688.0,2,1,3,5,1,4708,94,0
2724,44,36143.0,1,0,1,2,1,4123,33,0
948,54,10245.0,1,0,1,2,1,4442,32,0
6720,57,43795.0,0,1,1,3,1,4288,11,0
6202,65,63381.0,0,1,1,3,1,4664,78,0
2066,76,38823.0,0,1,1,3,1,4700,56,0
9799,57,83664.0,1,1,2,3,1,4449,57,0
8318,46,90300.0,0,0,0,2,0,4209,7,0
5642,46,62499.0,1,0,1,3,1,4234,0,0
2669,32,74293.0,0,0,0,1,0,4088,66,0
455,79,51012.0,0,0,0,2,0,4469,86,0
7683,57,70777.0,0,1,1,3,1,4156,80,0
3428,34,68682.0,0,0,0,2,0,4298,56,0
7414,54,43824.0,1,1,2,4,1,4684,18,0
6354,41,15345.0,1,0,1,3,1,4699,51,0
798,38,23442.0,1,0,1,2,1,4584,71,0
8213,45,14515.0,1,0,1,3,1,4629,71,0
2488,69,31395.0,1,1,2,3,1,4495,80,0
9999,60,75276.0,0,0,0,2,0,4672,2,0
7617,51,42373.0,1,1,2,3,1,4350,83,0
615,65,30507.0,0,0,0,2,0,4507,29,0
2552,70,55521.0,1,2,3,4,1,4282,11,0
194,60,48006.0,1,1,2,4,1,4052,55,0
3645,53,27213.0,1,0,1,2,1,4700,19,0
8890,54,65808.0,1,1,2,3,1,4062,1,0
5049,51,30351.0,1,0,1,3,1,4420,19,0
9973,62,50437.0,0,2,2,4,1,4652,28,0
7301,43,23616.0,1,0,1,2,1,4621,76,0
10882,49,53858.0,0,1,1,3,1,4629,50,0
7030,70,66465.0,0,1,1,3,1,4488,1,0
7422,38,46923.0,1,0,1,2,1,4708,90,0
3523,63,75072.0,0,1,1,3,1,4554,83,0
7106,82,75865.0,0,0,0,2,0,4122,73,0
6504,50,19789.0,1,0,1,3,1,4253,24,0
5067,31,80134.0,0,0,0,2,0,4167,11,0
4216,44,91065.0,0,0,0,1,0,4524,33,0
8581,54,49505.0,1,1,2,4,1,4513,4,0
5929,52,37401.0,1,0,1,3,1,4086,14,0
3129,42,30096.0,1,0,1,3,1,4070,30,0
6528,43,18492.0,1,0,1,3,1,4056,75,0
1361,51,82584.0,0,0,0,2,0,4422,26,0
6932,84,93027.0,0,0,0,2,0,4474,77,0
7284,72,48686.0,1,2,3,5,1,4239,8,0
1340,39,92910.0,0,0,0,2,0,4098,42,0
8746,36,75433.0,1,0,1,3,1,4117,28,0
5987,36,10404.0,1,0,1,3,1,4088,52,0
3767,57,61314.0,0,1,1,3,1,4462,1,0
3725,64,84865.0,0,0,0,1,0,4448,1,0
4324,36,42387.0,1,0,1,3,1,4640,42,0
238,58,67309.0,1,1,2,4,1,4554,76,0
6694,61,75236.0,0,1,1,3,1,4248,27,0
498,55,30015.0,1,0,1,2,1,4179,28,0
9347,69,50943.0,0,1,1,3,1,4405,49,0
9699,59,67272.0,0,1,1,2,1,4222,12,0
10664,76,51529.0,0,1,1,2,1,4327,14,0
5455,54,32011.0,1,0,1,3,1,4343,89,0
456,39,7500.0,1,0,1,3,1,4539,96,0
5012,36,28691.0,1,0,1,3,1,4392,56,0
7495,77,56223.0,0,1,1,3,1,4223,72,0
5029,79,18100.0,0,0,0,2,0,4359,14,0
10642,36,30279.0,1,0,1,2,1,4578,13,0
2106,51,20130.0,0,0,0,2,0,4136,99,0
10364,66,23295.0,0,0,0,1,0,4383,72,0
5954,53,42618.0,1,0,1,2,1,4295,92,0
1137,61,81246.0,0,0,0,1,0,4214,87,0
2541,49,24027.0,1,0,1,3,1,4417,7,0
1142,72,55707.0,0,1,1,3,1,4221,91,0
2276,70,57959.0,0,1,1,2,1,4455,71,0
2807,56,56796.0,0,1,1,3,1,4530,24,0
6471,54,36230.0,1,0,1,2,1,4287,17,0
6131,45,70829.0,1,1,2,4,1,4242,87,0
6233,49,65991.0,0,1,1,3,1,4692,21,0
4148,53,38988.0,1,2,3,5,1,4710,90,0
4947,59,89572.0,0,0,0,1,0,4684,44,0
3225,41,42207.0,1,0,1,3,1,4486,71,0
7540,73,50300.0,0,1,1,3,1,4067,52,0
10648,43,66664.0,0,0,0,2,0,4674,78,0
1992,61,60597.0,0,1,1,3,1,4211,2,0
7851,76,70165.0,0,0,0,1,0,4312,60,0
8594,67,50520.0,0,1,1,2,1,4184,25,0
7059,62,80124.0,0,0,0,2,0,4035,47,0
2815,50,33183.0,1,0,1,3,1,4157,46,0
2416,56,66582.0,0,0,0,1,0,4150,83,0
7999,70,75261.0,0,0,0,2,0,4464,17,0
9213,55,31880.0,1,0,1,2,1,4638,13,0
9697,74,53790.0,0,2,2,4,1,4147,86,0
3916,54,49269.0,1,0,1,3,1,4715,92,0
2021,50,61456.0,0,1,1,3,1,4491,47,0
1581,45,37406.0,1,0,1,3,1,4294,18,0
564,44,56937.0,1,0,1,3,1,4726,81,0
6619,47,38415.0,1,1,2,4,1,4575,91,0
9081,37,20518.0,1,0,1,2,1,4074,58,0
178,69,62503.0,0,1,1,3,1,4528,40,0
916,53,41644.0,1,1,2,3,1,4083,67,0
5512,48,55842.0,0,1,1,3,1,4069,19,0
8970,53,62010.0,0,1,1,3,1,4646,93,0
10581,48,41124.0,1,0,1,3,1,4638,41,0
5300,52,38961.0,1,0,1,3,1,4213,60,0
5154,53,37760.0,1,0,1,2,1,4354,54,0
8346,51,32233.0,1,0,1,2,1,4711,26,0
1676,50,43057.0,0,1,1,3,1,4274,30,0
9286,65,83151.0,0,0,0,2,0,4659,93,0
2426,61,78825.0,0,0,0,1,0,4685,35,0
5172,49,65104.0,0,1,1,3,1,4259,4,0
5562,51,60093.0,0,1,1,3,1,4400,92,0
3436,56,14045.0,1,0,1,3,1,4186,24,0
3921,73,28457.0,0,0,0,1,0,4641,96,0
3403,67,78952.0,0,1,1,3,1,4675,11,0
22,49,46310.0,1,0,1,2,1,4605,99,0
10965,70,76005.0,0,0,0,2,0,4524,72,0
9426,61,58308.0,0,1,1,2,1,4565,77,0
6605,81,55614.0,0,0,0,1,0,4246,85,0
3136,63,59432.0,0,1,1,2,1,4474,88,0
8737,47,55563.0,0,1,1,2,1,4117,22,0
11088,54,78642.0,0,1,1,3,1,4466,83,0
716,76,67911.0,0,1,1,3,1,4070,63,0
466,81,65275.0,0,0,0,2,0,4484,9,0
9135,75,27203.0,1,1,2,4,1,4724,92,0
10623,64,48330.0,0,1,1,3,1,4258,2,0
8151,35,24279.0,0,0,0,2,0,4579,6,0
5140,40,64355.0,1,0,1,3,1,4706,66,0
10160,69,50943.0,0,1,1,3,1,4405,49,0
4945,72,53653.0,0,0,0,1,0,4631,29,0
10584,49,65665.0,0,1,1,3,1,4241,77,0
6071,36,81217.0,0,0,0,1,0,4377,77,0
3386,33,34935.0,0,0,0,2,0,4405,71,0
8939,66,61250.0,0,1,1,2,1,4592,49,0
9925,44,39665.0,1,0,1,3,1,4432,97,0
4320,46,60152.0,0,1,1,2,1,4490,6,0
5389,61,48920.0,0,2,2,4,1,4284,93,0
6036,66,89120.0,0,0,0,2,0,4136,78,0
182,79,44124.0,0,1,1,3,1,4446,62,0
203,50,81169.0,0,0,0,1,0,4473,47,0
11025,64,36443.0,1,1,2,4,1,4543,9,0
10203,35,26095.0,1,0,1,2,1,4396,77,0
4607,66,71367.0,0,0,0,2,0,4342,24,0
3711,81,80184.0,0,0,0,2,0,4152,19,0
3696,60,30630.0,1,1,2,3,1,4185,67,0
2532,38,73454.0,0,0,0,1,0,4152,95,0
9214,34,42691.0,0,0,0,2,0,4349,48,0
4943,72,70503.0,0,0,0,2,0,4669,73,0
35,38,25545.0,1,0,1,3,1,4691,35,0
2258,39,32880.0,1,0,1,3,1,4604,76,0
4322,67,77863.0,0,0,0,2,0,4246,20,0
713,48,50353.0,0,0,0,2,0,4053,72,0
4702,61,61839.0,0,0,0,1,0,4718,20,0
3281,65,49154.0,1,1,2,4,1,4270,69,0
702,50,47682.0,0,1,1,2,1,4531,80,0
2004,56,72679.0,0,1,1,2,1,4316,65,0
4769,48,57954.0,1,1,2,4,1,4043,52,0
4437,63,65316.0,1,1,2,4,1,4463,65,0
8724,43,28567.0,1,0,1,2,1,4409,57,0
10741,74,47352.0,0,1,1,3,1,4476,70,0
1991,58,44931.0,0,1,1,3,1,4194,0,0
6931,58,76982.0,0,0,0,1,0,4166,19,0
11096,73,57247.0,0,1,1,3,1,4357,50,0
304,44,22944.0,1,0,1,2,1,4220,67,0
3665,48,25315.0,1,0,1,3,1,4266,46,0
10591,56,43638.0,0,1,1,2,1,4724,37,0
5036,41,42710.0,1,0,1,2,1,4610,38,0
5547,43,84169.0,0,0,0,2,0,4358,9,0
7822,49,54058.0,0,1,1,3,1,4422,56,0
8541,35,24683.0,1,0,1,3,1,4145,98,0
10955,61,85620.0,0,0,0,1,0,4205,68,0
4368,45,47850.0,1,0,1,3,1,4240,72,0
9671,57,19514.0,1,1,2,4,1,4186,47,0
2256,52,27159.0,1,1,2,4,1,4124,33,0
4279,62,39548.0,1,1,2,3,1,4122,87,0
5371,36,21474.0,1,0,1,2,1,4114,0,0
9240,54,60504.0,0,1,1,2,1,4174,73,0
9460,62,22419.0,0,0,0,2,0,4469,74,0
9504,76,81698.0,0,0,0,2,0,4267,4,0
8692,73,43462.0,1,1,2,4,1,4687,50,0
448,47,54880.0,1,0,1,2,1,4517,57,0
8314,43,79908.0,0,0,0,2,0,4482,30,0
8420,55,15315.0,0,0,0,2,0,4362,27,0
3174,66,87771.0,0,1,1,3,1,4435,61,0
7685,47,33039.0,1,0,1,3,1,4325,4,0
3179,45,81741.0,0,0,0,1,0,4410,75,0
9780,54,71499.0,0,1,1,3,1,4401,12,0
10681,55,62466.0,0,1,1,3,1,4197,13,0
10232,62,48799.0,0,1,1,2,1,4268,9,0
4184,75,52157.0,0,1,1,3,1,4054,48,0
9120,63,66565.0,0,1,1,2,1,4603,80,0
891,74,29298.0,1,1,2,4,1,4327,60,0
10381,46,47691.0,0,1,1,2,1,4391,43,0
3525,55,38200.0,1,1,2,4,1,4601,19,0
6818,51,44989.0,0,1,1,3,1,4687,26,0
3526,57,38443.0,1,1,2,4,1,4185,58,0
8181,47,38593.0,1,0,1,2,1,4321,42,0
1029,55,64413.0,0,1,1,3,1,4364,27,0
7369,44,36959.0,1,0,1,3,1,4302,56,0
2574,48,61996.0,0,1,1,3,1,4546,27,0
8159,57,51287.0,1,1,2,4,1,4121,10,0
1160,55,13260.0,1,1,2,4,1,4342,48,0
10242,59,47472.0,1,1,2,4,1,4318,39,0
5253,69,54603.0,1,1,2,4,1,4387,85,0
5966,51,45207.0,1,1,2,4,1,4628,64,0
5314,74,40689.0,0,1,1,3,1,4500,69,0
5081,58,47821.0,1,1,2,4,1,4284,54,0
5123,74,27450.0,0,0,0,2,0,4472,57,0
5756,42,39453.0,1,0,1,3,1,4119,64,0
8036,54,26850.0,1,1,2,4,1,4104,10,0
9058,70,79800.0,0,0,0,1,0,4676,65,0
5057,64,61794.0,0,1,1,3,1,4320,74,0
254,70,53863.0,0,1,1,3,1,4075,4,0
4179,66,24221.0,0,0,0,2,0,4345,94,0
3710,41,39684.0,1,0,1,2,1,4657,41,1
7627,50,92163.0,0,0,0,2,0,4596,25,0
4501,60,69882.0,0,0,0,1,0,4263,94,0
6424,48,33178.0,1,0,1,3,1,4182,9,0
3075,53,59973.0,0,0,0,2,0,4323,47,0
4992,50,17459.0,1,0,1,3,1,4315,12,0
5252,56,23910.0,1,0,1,2,1,4643,80,0
7444,56,42169.0,1,1,2,4,1,4285,20,0
6919,47,26224.0,1,0,1,3,1,4422,39,0
3537,44,31089.0,1,0,1,3,1,4713,57,0
10277,64,30081.0,0,1,1,2,1,4525,27,0
2453,65,62807.0,0,1,1,3,1,4699,83,0
7972,70,72906.0,0,0,0,1,0,4317,79,0
895,77,61467.0,0,2,2,4,1,4599,69,0
1177,59,49618.0,1,1,2,4,1,4551,77,0
7141,39,21888.0,1,0,1,2,1,4579,15,0
7232,52,42429.0,0,1,1,2,1,4170,99,0
8477,69,26150.0,2,1,3,4,1,4507,61,0
2457,50,30801.0,0,1,1,3,1,4643,23,0
988,60,81168.0,0,0,0,2,0,4085,84,0
7930,56,26877.0,0,0,0,1,0,4346,74,0
4587,81,45006.0,0,0,0,1,0,4378,90,0
6682,52,18978.0,1,0,1,3,1,4597,41,0
6222,58,22574.0,2,1,3,5,1,4276,28,0
10299,56,48240.0,0,0,0,1,0,4629,73,0
3083,51,45837.0,1,1,2,4,1,4370,88,0
8953,60,35791.0,2,1,3,4,1,4451,94,0
1503,49,162397.0,1,1,2,4,1,4423,31,0
8650,47,54162.0,1,1,2,3,1,4500,31,0
10862,65,30522.0,0,1,1,3,1,4713,6,0
2782,64,54456.0,0,1,1,3,1,4385,23,0
6941,54,31632.0,0,0,0,1,0,4382,92,0
10972,76,72298.0,0,0,0,1,0,4143,52,0
10708,47,36975.0,1,0,1,2,1,4215,50,0
6583,70,72635.0,0,0,0,2,0,4423,54,0
3641,49,13624.0,1,0,1,3,1,4557,93,0
10156,50,84196.0,0,1,1,2,1,4423,56,0
4299,65,70971.0,0,1,1,3,1,4678,28,0
3469,48,34487.0,1,1,2,3,1,4693,94,0
5063,48,28769.0,1,0,1,2,1,4590,76,0
10727,55,69084.0,1,0,1,3,1,4254,43,0
9624,67,65488.0,0,0,0,2,0,4048,46,0
5156,55,62466.0,0,1,1,3,1,4197,13,0
4376,65,32218.0,0,0,0,1,0,4166,27,0
8923,52,83917.0,0,0,0,1,0,4469,12,0
8461,63,46102.0,2,1,3,4,1,4143,3,0
6945,73,84574.0,0,0,0,1,0,4422,72,0
944,63,56181.0,0,1,1,3,1,4569,6,0
1907,75,63120.0,0,1,1,2,1,4671,53,0
701,54,73691.0,0,1,1,3,1,4267,58,0
3856,65,63381.0,0,1,1,3,1,4664,78,0
4149,77,76140.0,0,0,0,2,0,4079,57,0
2131,66,62859.0,0,1,1,2,1,4578,37,0
2942,61,45906.0,0,1,1,2,1,4450,20,0
1173,78,77632.0,0,0,0,2,0,4508,73,0
4381,54,46463.0,1,1,2,4,1,4347,56,0
4611,55,105471.0,0,0,0,2,0,4556,36,0
3376,55,55282.0,1,0,1,2,1,4230,9,0
4679,48,78710.0,0,1,1,3,1,4069,42,0
10928,67,66886.0,0,1,1,3,1,4318,28,0
4248,65,98777.0,0,0,0,1,0,4164,23,0
6728,40,29103.0,1,0,1,3,1,4703,38,0
6661,51,67445.0,0,1,1,3,1,4718,63,0
4725,75,50616.0,0,1,1,3,1,4109,71,0
3277,70,49431.0,0,1,1,2,1,4727,9,0
5555,50,153924.0,0,0,0,1,0,4174,81,0
2564,72,61278.0,0,1,1,3,1,4208,87,0
946,67,26490.0,0,0,0,2,0,4677,92,0
3867,78,73059.0,0,1,1,3,1,4334,36,0
6940,59,46734.0,1,2,3,4,1,4283,86,0
55,62,56253.0,0,1,1,3,1,4601,83,0
7093,40,19986.0,1,0,1,3,1,4259,74,0
5084,50,58330.0,0,1,1,2,1,4218,87,0
1777,45,25965.0,0,0,0,2,0,4692,29,0
8162,69,14661.0,0,0,0,2,0,4576,88,0
10826,66,18690.0,0,0,0,2,0,4580,77,0
8754,51,45068.0,0,1,1,3,1,4441,25,0
1987,38,21063.0,1,0,1,2,1,4309,34,0
11007,57,29187.0,1,0,1,3,1,4448,43,0
7426,54,54690.0,1,1,2,4,1,4266,76,0
9153,61,59304.0,0,1,1,3,1,4367,81,0
10379,63,59247.0,0,2,2,3,1,4265,87,0
9204,55,66731.0,0,1,1,2,1,4687,33,0
3197,45,77353.0,0,1,1,3,1,4227,38,0
2920,50,52614.0,0,1,1,2,1,4607,63,0
6961,51,26751.0,2,0,2,4,1,4070,26,0
4673,62,81300.0,0,1,1,3,1,4639,17,0
9937,46,70337.0,0,0,0,1,0,4210,75,0
8779,40,36145.0,1,0,1,3,1,4410,13,0
9596,45,65295.0,0,0,0,1,0,4220,19,0
2891,62,68118.0,0,1,1,2,1,4286,51,0
4910,58,68743.0,0,0,0,1,0,4700,81,0
75,43,41039.0,0,0,0,2,0,4371,32,0
10120,70,38946.0,0,1,1,3,1,4280,84,0
6327,58,65777.0,0,0,0,2,0,4224,87,0
10142,49,66476.0,0,1,1,2,1,4511,99,0
9826,53,86857.0,0,0,0,1,0,4687,96,0
1501,43,160803.0,0,0,0,2,0,4726,21,0
10767,36,77845.0,0,0,0,2,0,4076,40,0
7279,56,69476.0,0,0,0,2,0,4304,3,0
7230,65,50611.0,0,1,1,2,1,4665,98,0
143,55,61209.0,0,0,0,1,0,4340,73,0
450,67,42315.0,0,1,1,3,1,4384,90,0
9316,73,13084.0,0,0,0,2,0,4271,29,0
6379,76,47570.0,1,1,2,3,1,4428,3,0
9239,64,61923.0,0,2,2,4,1,4370,94,0
8315,30,34824.0,0,0,0,1,0,4127,65,0
2868,76,26518.0,1,1,2,3,1,4479,33,0
10888,64,45938.0,0,0,0,1,0,4270,46,0
1277,65,78468.0,0,0,0,2,0,4113,29,0
9977,52,78901.0,0,1,1,2,1,4317,99,0
10196,47,71427.0,2,0,2,4,1,4141,26,0
6384,47,71022.0,0,1,1,2,1,4170,30,0
8029,37,90247.0,0,0,0,1,0,4093,27,0
968,57,41335.0,1,0,1,2,1,4217,24,0
6988,39,71952.0,1,0,1,3,1,4567,93,0
4472,55,35682.0,1,0,1,2,1,4034,34,0
6991,74,43185.0,0,1,1,2,1,4477,88,0
3336,77,66375.0,0,1,1,3,1,4252,96,0
4301,54,35178.0,1,0,1,3,1,4567,10,0
1940,39,25252.0,1,0,1,3,1,4384,26,0
1272,60,55250.0,0,1,1,2,1,4648,49,0
1388,50,33249.0,1,0,1,2,1,4526,11,0
1044,72,58398.0,0,0,0,2,0,4443,44,0
6969,43,50272.0,1,0,1,3,1,4358,75,0
10479,50,76618.0,0,0,0,2,0,4601,64,0
3619,65,87305.0,0,0,0,1,0,4676,19,0
1715,47,25851.0,1,0,1,3,1,4535,45,0
10159,55,58710.0,0,1,1,2,1,4487,77,0
1463,67,45160.0,1,1,2,3,1,4124,9,0
5114,60,74806.0,0,1,1,3,1,4589,1,0
4990,71,59111.0,0,0,0,2,0,4455,90,0
4329,41,18988.0,1,0,1,3,1,4069,43,0
10936,60,72190.0,0,0,0,2,0,4533,79,0
4692,49,7500.0,1,0,1,3,1,4729,19,0
7212,59,44794.0,0,1,1,3,1,4053,99,0
6086,70,80395.0,0,0,0,2,0,4250,62,0
437,49,75012.0,0,0,0,1,0,4187,41,0
11171,60,56962.0,2,1,3,5,1,4293,60,0
11101,34,89891.0,0,0,0,2,0,4472,17,0
5329,76,35946.0,1,1,2,3,1,4307,24,0
610,72,53593.0,1,1,2,4,1,4723,60,0
9384,47,66373.0,1,1,2,4,1,4414,57,0
5956,77,45072.0,1,2,3,4,1,4288,74,0
10430,52,89694.0,1,1,2,3,1,4295,22,0
7875,76,72025.0,0,0,0,2,0,4093,46,0
7072,52,67432.0,0,1,1,3,1,4489,69,0
6255,73,70545.0,0,1,1,3,1,4058,29,0
6516,36,17487.0,1,0,1,3,1,4500,37,0
5564,56,62882.0,0,1,1,3,1,4721,26,0
5682,72,64108.0,0,1,1,2,1,4495,8,0
7458,69,34941.0,1,1,2,4,1,4512,26,0
5237,75,48767.0,1,2,3,4,1,4211,79,0
7761,47,38702.0,1,0,1,3,1,4364,71,0
5278,61,82224.0,0,0,0,2,0,4187,83,0
3560,73,83844.0,0,0,0,2,0,4445,57,0
7235,50,17003.0,1,0,1,3,1,4234,37,0
10548,30,71163.0,0,0,0,1,0,4144,30,0
2281,55,33697.0,1,0,1,2,1,4319,34,0
4073,71,63564.0,0,0,0,2,0,4183,0,0
6974,53,83443.0,0,0,0,2,0,4212,89,0
7938,67,51518.0,0,1,1,3,1,4301,92,0
7094,50,58330.0,0,1,1,2,1,4218,87,0
3667,56,80952.0,0,0,0,2,0,4518,20,0
7723,46,75507.0,0,0,0,2,0,4090,56,0
3870,47,63855.0,0,0,0,2,0,4537,28,0
4012,53,62220.0,0,1,1,3,1,4719,55,0
5909,61,58512.0,0,1,1,3,1,4315,25,0
10470,46,40662.0,1,0,1,3,1,4503,0,0
6488,66,38829.0,0,1,1,3,1,4116,86,0
10270,44,35523.0,1,0,1,3,1,4301,8,0
6887,58,79146.0,1,1,2,3,1,4098,33,0
6406,37,78285.0,0,0,0,2,0,4276,13,0
7573,47,31626.0,1,0,1,2,1,4447,12,0
4508,73,75127.0,0,0,0,1,0,4070,92,0
221,70,48726.0,0,1,1,3,1,4460,90,0
5331,48,74985.0,0,0,0,2,0,4688,8,0
1911,38,67430.0,0,0,0,2,0,4694,6,0
20,60,46891.0,0,1,1,3,1,4333,91,0
8786,69,62058.0,0,1,1,3,1,4431,52,0
10582,46,72063.0,0,1,1,3,1,4393,3,0
1915,74,78939.0,0,0,0,2,0,4231,57,0
8897,60,42720.0,1,1,2,3,1,4463,9,0
2371,53,33622.0,1,1,2,4,1,4474,22,0
4303,68,6835.0,0,1,1,3,1,4600,76,0
6825,72,41452.0,1,1,2,4,1,4512,86,0
1072,60,40760.0,0,1,1,2,1,4335,64,0
4964,67,74250.0,0,0,0,2,0,4186,90,0
2461,70,51124.0,1,1,2,3,1,4225,79,0
10736,54,72258.0,0,1,1,2,1,4322,28,0
3194,51,71466.0,0,0,0,1,0,4117,86,0
10839,49,36283.0,1,1,2,4,1,4108,42,0
49,55,20587.0,1,0,1,2,1,4081,39,0
4290,53,30467.0,1,0,1,3,1,4134,8,0
10219,53,31590.0,1,0,1,3,1,4408,40,0
4211,39,20425.0,1,0,1,3,1,4640,5,0
1135,65,17144.0,1,1,2,4,1,4166,96,0
6299,57,42564.0,0,1,1,2,1,4575,28,0
10846,47,43783.0,1,0,1,3,1,4063,22,0
347,49,40780.0,0,1,1,2,1,4691,30,0
6543,80,62847.0,0,0,0,2,0,4562,45,0
10446,68,82017.0,0,0,0,2,0,4631,58,0
3479,75,16813.0,0,0,0,1,0,4377,49,0
11075,47,51267.0,1,1,2,4,1,4275,37,0
4442,64,46524.0,0,1,1,2,1,4482,70,0
199,63,45183.0,0,0,0,1,0,4557,33,0
6722,71,70421.0,0,1,1,3,1,4033,98,0
796,60,60161.0,0,1,1,2,1,4646,17,0
3749,52,73926.0,0,0,0,2,0,4516,54,0
8523,57,19329.0,1,0,1,3,1,4229,39,0
310,55,61872.0,0,1,1,3,1,4230,81,0
8629,69,46984.0,1,1,2,3,1,4492,71,0
236,74,34838.0,1,1,2,4,1,4558,62,0
9930,81,82716.0,0,0,0,1,0,4268,8,0
3483,67,48192.0,0,0,0,2,0,4481,76,0
4599,49,49681.0,0,2,2,4,1,4269,66,0
7326,54,56850.0,0,1,1,3,1,4130,83,0
7352,68,55267.0,0,1,1,3,1,4283,28,0
2350,53,59666.0,1,1,2,4,1,4496,87,0
9145,53,72504.0,0,1,1,2,1,4481,43,0
2964,44,26872.0,0,0,0,2,0,4288,0,0
5585,53,21359.0,1,0,1,2,1,4467,1,0
9687,50,73170.0,0,0,0,1,0,4061,1,0
3732,70,52750.0,0,1,1,3,1,4542,72,0
6303,39,91820.0,0,0,0,2,0,4250,72,0
11176,55,65968.0,0,1,1,3,1,4080,12,0
2986,49,30772.0,1,1,2,4,1,4141,89,0
7462,71,22507.0,0,0,0,1,0,4614,67,0
3900,53,65685.0,0,1,1,3,1,4124,54,0
7034,47,25804.0,1,0,1,3,1,4333,34,0
9493,45,76412.0,0,0,0,1,0,4452,15,0
1143,53,22063.0,1,0,1,3,1,4357,43,0
1,64,57091.0,0,0,0,1,0,4046,0,0
3855,62,22419.0,0,0,0,2,0,4469,74,0
5536,66,87771.0,0,1,1,3,1,4435,61,0
5989,66,78353.0,0,1,1,2,1,4471,51,0
9499,71,93404.0,1,2,3,5,1,4450,97,0
6768,63,37859.0,1,2,3,4,1,4565,75,0
2150,67,80995.0,0,1,1,2,1,4446,83,0
6646,41,16529.0,1,0,1,3,1,4152,23,0
4887,49,55412.0,1,1,2,3,1,4251,65,0
8560,33,48789.0,0,0,0,1,0,4689,94,0
3321,58,56575.0,0,2,2,4,1,4452,42,0
11003,45,25130.0,1,0,1,3,1,4302,10,0
10402,58,35441.0,1,1,2,4,1,4532,94,0
9904,69,71391.0,0,1,1,3,1,4489,50,0
6141,53,49494.0,1,0,1,2,1,4462,46,0
5687,45,81702.0,0,0,0,1,0,4676,98,0
10856,45,45889.0,0,1,1,2,1,4394,42,0
5121,48,56628.0,0,1,1,2,1,4132,30,0
4186,75,34026.0,1,1,2,4,1,4360,11,0
368,51,40049.0,0,1,1,3,1,4609,61,0
3312,37,34176.0,1,0,1,2,1,4080,12,0
11121,44,19419.0,1,0,1,3,1,4628,76,0
5332,65,82504.0,0,0,0,2,0,4369,2,0
5848,55,81205.0,0,0,0,2,0,4199,43,0
10343,34,61618.0,0,0,0,1,0,4670,27,0
5935,69,55284.0,0,1,1,2,1,4584,60,0
2895,62,49980.0,0,1,1,2,1,4281,79,0
10262,45,15072.0,2,0,2,4,1,4447,96,0
7848,51,49166.0,0,1,1,2,1,4413,17,0
9477,71,65324.0,0,1,1,3,1,4201,0,0
4856,68,82347.0,0,0,0,2,0,4632,38,0
7186,59,30843.0,1,1,2,4,1,4066,43,0
5794,51,46374.0,0,1,1,3,1,4136,1,0
1456,46,60474.0,0,1,1,2,1,4486,25,0
4877,52,38576.0,0,1,1,3,1,4149,2,0
425,40,55357.0,2,0,2,4,1,4527,66,0
3007,59,37758.0,1,1,2,4,1,4665,49,0
1031,36,85710.0,0,0,0,2,0,4452,5,0
4297,56,23228.0,1,0,1,3,1,4186,71,0
807,56,44602.0,1,1,2,4,1,4166,35,0
9553,38,7500.0,0,0,0,2,0,4568,94,0
4271,36,38683.0,1,0,1,3,1,4665,80,0
4120,50,49514.0,1,0,1,2,1,4226,61,0
2036,52,57906.0,0,1,1,3,1,4415,29,0
115,59,43456.0,0,1,1,2,1,4492,0,0
4259,39,19485.0,2,0,2,3,1,4310,80,0
8687,47,53172.0,0,1,1,3,1,4451,54,0
2447,46,30545.0,1,0,1,3,1,4652,71,0
10140,42,70123.0,0,0,0,2,0,4306,27,0
9353,66,62450.0,0,1,1,2,1,4206,61,0
3623,49,21675.0,1,0,1,3,1,4050,55,0
738,44,42395.0,1,1,2,3,1,4118,35,0
7631,47,61346.0,1,0,1,3,1,4298,34,0
4789,72,80812.0,0,0,0,2,0,4317,95,0
773,54,42835.0,1,1,2,3,1,4396,64,0
10602,42,39922.0,1,0,1,3,1,4532,30,0
1446,69,86424.0,0,0,0,1,0,4117,12,0
3270,47,17117.0,1,0,1,3,1,4560,96,0
8443,53,24762.0,1,0,1,2,1,4171,16,0
9653,50,35797.0,0,1,1,3,1,4653,16,0
8916,50,36627.0,2,0,2,3,1,4373,78,0
8017,44,51111.0,1,1,2,4,1,4042,83,0
5830,53,86857.0,0,0,0,1,0,4687,96,0
4597,55,82072.0,0,0,0,2,0,4394,67,0
7023,72,46231.0,2,1,3,4,1,4612,87,0
8086,66,42243.0,1,1,2,4,1,4232,34,0
8825,63,51195.0,1,1,2,4,1,4486,46,0
2930,47,68092.0,0,0,0,1,0,4227,7,0
1928,52,31814.0,1,0,1,3,1,4537,73,0
7108,60,51390.0,1,1,2,3,1,4691,54,0
10925,42,76630.0,0,0,0,2,0,4198,93,0
9960,34,26868.0,1,0,1,2,1,4092,52,0
8800,82,48948.0,0,0,0,1,0,4545,53,0
9224,53,55260.0,0,1,1,2,1,4596,81,0
5519,69,64090.0,0,1,1,3,1,4358,8,0
5046,67,78331.0,0,1,1,2,1,4189,97,0
7037,51,37087.0,1,0,1,3,1,4354,50,0
905,39,21846.0,1,0,1,2,1,4282,38,0
8624,67,81320.0,0,0,0,2,0,4540,61,0
8945,55,54137.0,0,1,1,2,1,4349,46,0
6445,58,66825.0,0,0,0,2,0,4382,73,0
2727,52,57100.0,0,0,0,2,0,4239,19,0
6404,56,58917.0,1,2,3,5,1,4494,10,0
11074,48,85072.0,0,0,0,1,0,4113,94,0
10150,64,86429.0,0,0,0,1,0,4252,10,0
1968,54,45684.0,1,0,1,2,1,4241,37,0
6534,51,47889.0,1,0,1,3,1,4208,94,0
9485,39,45921.0,0,0,0,2,0,4143,23,0
7053,59,78420.0,0,0,0,1,0,4397,75,0
4654,33,75114.0,0,0,0,2,0,4266,40,0
9760,62,52278.0,0,1,1,2,1,4552,24,0
1048,53,35641.0,1,0,1,3,1,4382,11,0
10619,31,95529.0,0,0,0,1,0,4605,29,0
9308,71,62820.0,0,0,0,2,0,4446,51,0
10505,65,73113.0,0,0,0,2,0,4217,86,0
8362,43,84169.0,0,0,0,2,0,4358,9,0
2625,71,42607.0,0,1,1,2,1,4256,30,0
4637,71,74637.0,0,0,0,1,0,4439,73,0
9972,70,46015.0,1,1,2,4,1,4109,25,0
4483,32,72354.0,0,0,0,1,0,4470,67,0
4487,56,39858.0,1,0,1,2,1,4553,67,0
4988,77,34469.0,1,1,2,4,1,4088,58,0
8931,39,83033.0,1,0,1,3,1,4074,82,0
5871,46,24401.0,0,0,0,2,0,4699,98,0
2008,47,77583.0,0,0,0,2,0,4171,93,0
3139,43,74116.0,0,0,0,1,0,4213,53,0
10037,32,74293.0,0,0,0,1,0,4088,66,0
10673,49,68397.0,0,1,1,3,1,4256,6,0
5303,51,79632.0,0,0,0,2,0,4114,42,0
538,36,46107.0,1,0,1,2,1,4171,78,0
7922,74,64950.0,0,1,1,2,1,4718,29,0
5692,36,25443.0,1,0,1,3,1,4586,82,0
4843,73,75127.0,0,0,0,1,0,4070,92,0
6383,54,32892.0,1,0,1,3,1,4067,78,0
1628,54,71796.0,0,0,0,2,0,4280,54,0
1204,55,67536.0,0,1,1,3,1,4435,45,0
3673,54,55239.0,0,1,1,2,1,4382,59,0
760,50,60554.0,1,0,1,2,1,4356,8,0
8957,73,64831.0,1,1,2,3,1,4416,51,0
4128,63,56067.0,0,1,1,3,1,4376,51,0
6810,42,82025.0,0,0,0,1,0,4429,76,0
5386,72,94384.0,0,0,0,2,0,4514,62,0
8700,39,14906.0,0,0,0,1,0,4586,86,0
3202,38,51563.0,0,0,0,2,0,4668,60,0
1328,43,57937.0,0,1,1,3,1,4165,56,0
8405,46,68274.0,1,1,2,3,1,4304,83,0
6515,48,39771.0,1,0,1,3,1,4237,92,0
2882,50,67893.0,0,1,1,2,1,4668,31,0
7574,46,27922.0,1,0,1,3,1,4082,80,0
6387,49,52190.0,1,1,2,4,1,4084,39,0
5320,52,44051.0,1,1,2,3,1,4548,20,0
5048,54,42767.0,2,0,2,3,1,4446,53,0
8146,49,46106.0,1,1,2,4,1,4081,84,0
10031,49,16927.0,1,1,2,4,1,4536,50,0
5748,60,59754.0,0,1,1,3,1,4607,96,0
2134,73,53700.0,0,1,1,2,1,4713,94,0
1523,52,59041.0,1,1,2,4,1,4085,25,0
9665,68,54237.0,0,1,1,2,1,4460,48,0
4640,58,70647.0,0,1,1,2,1,4678,65,0
3635,63,52597.0,0,1,1,2,1,4085,69,0
3547,56,41021.0,1,0,1,3,1,4578,12,0
2456,50,40233.0,0,1,1,3,1,4290,84,0
5633,45,50183.0,1,1,2,4,1,4036,47,0
7801,66,54753.0,0,1,1,3,1,4322,87,0
10489,52,92955.0,0,0,0,2,0,4346,35,0
7011,52,33471.0,1,0,1,3,1,4657,47,0
2620,51,34596.0,1,0,1,3,1,4474,48,0
3933,45,44010.0,1,0,1,3,1,4656,46,0
10981,37,84219.0,0,0,0,2,0,4179,27,0
1734,57,40706.0,2,1,3,5,1,4560,37,0
10995,37,15716.0,1,0,1,3,1,4626,8,1
6357,66,59052.0,0,1,1,2,1,4256,29,0
9209,54,80573.0,0,0,0,2,0,4655,85,0
10286,63,83715.0,0,0,0,2,0,4178,2,0
2611,66,82576.0,0,0,0,2,0,4729,66,0
1600,60,56962.0,2,1,3,5,1,4293,60,0
3308,73,35704.0,1,1,2,4,1,4209,54,0
5407,71,53103.0,0,1,1,3,1,4322,70,0
2166,65,46779.0,1,1,2,3,1,4384,55,0
3955,60,4861.0,0,0,0,1,0,4039,20,0
6634,46,33462.0,1,0,1,2,1,4358,78,0
3056,47,63693.0,0,1,1,2,1,4290,63,0
5718,75,80763.0,0,0,0,2,0,4350,17,0
6872,51,65352.0,0,1,1,3,1,4344,43,0
8164,47,82170.0,0,0,0,2,0,4248,13,0
4580,56,75759.0,0,0,0,2,0,4279,46,0
9305,49,79689.0,0,0,0,1,0,4445,65,0
453,69,35340.0,1,1,2,3,1,4032,1,0
8545,71,85683.0,0,0,0,1,0,4132,6,0
9850,53,24884.0,1,0,1,3,1,4609,32,0
7378,44,42021.0,1,0,1,3,1,4699,34,0
7646,36,64449.0,1,0,1,2,1,4163,70,0
1640,71,64587.0,1,1,2,3,1,4039,49,0
5184,30,34824.0,0,0,0,1,0,4127,65,0
8492,47,75437.0,0,0,0,2,0,4264,25,0
11188,68,26091.0,1,1,2,4,1,4156,84,0
1212,52,52845.0,1,0,1,3,1,4352,7,0
9097,69,46086.0,0,1,1,2,1,4270,34,0
10473,69,78028.0,0,1,1,2,1,4689,38,0
7962,38,95169.0,0,0,0,1,0,4295,1,0
9984,44,56337.0,1,1,2,4,1,4491,25,0
5527,38,22434.0,1,0,1,3,1,4533,25,0
6374,71,36930.0,0,1,1,3,1,4440,50,0
7453,71,36130.0,0,1,1,2,1,4544,46,0
8952,72,65569.0,0,1,1,3,1,4633,96,0
241,73,83844.0,0,0,0,2,0,4445,57,0
8975,57,19514.0,1,1,2,4,1,4186,47,0
6119,62,36736.0,1,1,2,3,1,4447,52,0
5236,46,77568.0,0,1,1,3,1,4705,30,0
5723,49,49187.0,0,1,1,3,1,4201,63,0
1710,47,30168.0,1,0,1,2,1,4511,51,0
1970,57,34053.0,0,1,1,3,1,4689,14,0
5313,54,38196.0,1,1,2,4,1,4104,20,0
10634,74,59412.0,0,0,0,2,0,4103,56,0
7010,60,70924.0,0,0,0,2,0,4115,41,0
8562,56,54165.0,0,0,0,2,0,4429,72,0
3158,52,32300.0,1,0,1,3,1,4574,1,0
4436,49,20180.0,0,0,0,1,0,4526,27,0
5287,52,34961.0,1,0,1,3,1,4042,77,0
2445,51,28440.0,1,0,1,3,1,4389,87,0
6059,72,64504.0,1,2,3,5,1,4514,81,0
4550,59,33564.0,0,1,1,3,1,4037,51,0
4240,47,17345.0,1,0,1,3,1,4635,79,0
8911,58,56320.0,0,1,1,3,1,4479,11,0
3706,47,28647.0,1,0,1,2,1,4344,54,0
3628,38,15038.0,1,0,1,2,1,4548,93,0
10175,67,32173.0,0,1,1,2,1,4364,0,0
8985,61,68316.0,0,1,1,3,1,4634,54,0
5204,54,74538.0,0,0,0,2,0,4397,21,0
9220,54,91700.0,0,0,0,1,0,4560,58,0
9888,56,68695.0,0,0,0,2,0,4036,3,0
5263,48,31056.0,1,0,1,3,1,4555,99,0
1020,52,79593.0,0,0,0,2,0,4080,70,0
9503,45,28071.0,0,0,0,1,0,4701,65,0
10613,67,37334.0,1,1,2,4,1,4155,44,0
67,53,46423.0,1,1,2,3,1,4316,6,0
6019,54,37126.0,1,0,1,3,1,4123,9,0
5863,72,47703.0,0,1,1,3,1,4428,95,0
3717,66,61180.0,0,1,1,3,1,4099,70,0
6730,71,38998.0,1,1,2,4,1,4635,92,1
10749,34,8028.0,0,0,0,1,0,4681,62,0
4998,63,76081.0,0,0,0,2,0,4069,85,0
6287,39,34728.0,1,0,1,3,1,4366,2,0
5985,60,33168.0,0,1,1,2,1,4656,0,0
4754,59,33585.0,0,1,1,3,1,4309,91,0
4002,65,77037.0,0,1,1,3,1,4291,3,0
8870,41,35196.0,1,0,1,3,1,4625,68,0
966,59,44529.0,0,1,1,3,1,4391,98,0
4767,60,70924.0,0,0,0,2,0,4115,41,0
9725,59,28764.0,1,1,2,4,1,4056,16,0
4475,76,69098.0,0,0,0,2,0,4530,82,0
5740,55,25959.0,1,1,2,3,1,4532,1,0
5731,42,27100.0,1,0,1,3,1,4482,64,0
7290,40,70596.0,0,0,0,1,0,4664,68,0
3846,51,42557.0,0,1,1,3,1,4701,98,0
8104,74,53312.0,0,0,0,2,0,4356,32,0
4507,73,72228.0,0,0,0,1,0,4611,87,0
11013,38,67605.0,0,0,0,2,0,4487,84,0
4491,76,62845.0,1,1,2,4,1,4668,3,0
3759,67,65196.0,0,2,2,4,1,4371,34,0
1162,38,42000.0,0,0,0,1,0,4567,23,0
2055,52,35860.0,1,1,2,3,1,4073,37,0
10766,61,65526.0,0,1,1,3,1,4111,22,0
4415,64,16860.0,1,1,2,4,1,4687,19,0
3005,33,83528.0,0,0,0,1,0,4091,7,0
2223,60,64176.0,0,1,1,2,1,4727,52,0
4817,69,22304.0,0,0,0,1,0,4726,91,0
2875,47,67023.0,0,0,0,2,0,4149,93,1
10536,54,32892.0,1,0,1,3,1,4067,78,0
11112,59,70713.0,0,1,1,3,1,4605,23,0
3807,70,59925.0,0,1,1,3,1,4608,83,0
9197,72,39722.0,0,1,1,3,1,4157,92,0
10832,67,46610.0,0,0,0,2,0,4378,4,0
6421,64,88347.0,0,0,0,2,0,4393,32,0
4207,44,87171.0,0,0,0,2,0,4456,27,0
577,49,26907.0,1,1,2,4,1,4345,10,0
10855,57,50014.0,1,0,1,2,1,4190,9,0
3081,47,41014.0,1,0,1,3,1,4465,65,0
3535,60,66294.0,0,0,0,1,0,4136,68,0
247,54,36715.0,1,0,1,3,1,4621,16,0
8707,69,79456.0,0,0,0,2,0,4708,12,0
9523,43,40479.0,1,0,1,3,1,4348,95,0
6072,55,75345.0,0,0,0,1,0,4544,16,0
6295,48,54233.0,0,1,1,3,1,4542,46,0
10914,55,24163.0,1,1,2,3,1,4292,3,0
1509,67,84460.0,0,0,0,2,0,4573,80,0
5577,42,43776.0,1,0,1,3,1,4089,77,0
7348,67,71691.0,0,0,0,1,0,4136,0,0
1127,52,85844.0,0,0,0,2,0,4063,62,0
1833,51,39190.0,1,0,1,2,1,4096,91,0
4944,66,71367.0,0,0,0,2,0,4342,24,0
9080,53,38578.0,1,1,2,3,1,4404,2,0
6466,60,57236.0,1,1,2,4,1,4141,22,0
9964,46,61825.0,0,1,1,2,1,4358,56,0
4790,67,79803.0,0,1,1,2,1,4059,54,0
10245,39,80910.0,0,0,0,1,0,4638,71,0
1109,43,27590.0,1,0,1,3,1,4464,38,0
6001,46,56775.0,0,1,1,3,1,4575,62,0
5538,50,83829.0,0,0,0,1,0,4296,78,0
10552,46,54210.0,0,1,1,3,1,4437,18,0
1545,39,38508.0,1,0,1,3,1,4363,95,0
7409,55,53187.0,1,0,1,3,1,4278,66,0
4444,53,30023.0,1,0,1,3,1,4129,28,0
146,65,76045.0,0,0,0,1,0,4258,78,0
6271,73,50870.0,0,1,1,3,1,4042,13,0
10065,55,15315.0,0,0,0,2,0,4362,27,0
4741,51,65463.0,1,0,1,3,1,4182,17,0
246,60,66480.0,1,1,2,4,1,4061,71,0
375,71,76773.0,0,0,0,1,0,4521,79,0
1524,42,81698.0,0,0,0,1,0,4517,1,0
10022,52,54466.0,1,1,2,3,1,4172,78,0
7451,65,98777.0,0,0,0,1,0,4164,23,0
11010,41,16269.0,1,0,1,2,1,4335,75,0
4356,54,71819.0,0,1,1,3,1,4337,70,0
3885,42,33569.0,1,0,1,3,1,4288,10,0
1175,42,36262.0,0,0,0,2,0,4314,24,0
880,59,22634.0,0,0,0,2,0,4561,47,0
2320,47,47025.0,0,1,1,3,1,4322,98,0
850,57,70566.0,0,1,1,2,1,4298,4,0
4713,46,31605.0,1,0,1,3,1,4616,15,0
675,52,52034.0,1,1,2,3,1,4440,67,0
5025,46,48526.0,1,0,1,2,1,4219,32,0
2308,71,46734.0,0,1,1,3,1,4620,40,0
5995,63,39552.0,1,1,2,3,1,4590,54,0
6749,59,86358.0,1,1,2,3,1,4722,78,0
1010,48,46931.0,2,1,3,5,1,4098,94,0
8977,40,16581.0,0,0,0,1,0,4565,51,0
4756,73,63998.0,0,0,0,1,0,4223,42,0
3412,74,67381.0,0,1,1,3,1,4562,67,0
606,58,25930.0,1,1,2,3,1,4294,87,0
5961,47,42693.0,1,0,1,3,1,4054,29,0
2975,49,85606.0,0,1,1,3,1,4626,89,0
2894,40,72903.0,0,0,0,1,0,4275,74,0
7613,51,49669.0,1,0,1,3,1,4068,97,0
10542,57,36778.0,1,1,2,4,1,4725,63,0
8015,63,85696.0,0,0,0,1,0,4454,88,0
10617,36,10979.0,0,0,0,1,0,4070,34,0
11166,64,49678.0,0,1,1,3,1,4544,81,0
849,72,56129.0,0,1,1,3,1,4406,65,0
523,36,37155.0,1,0,1,3,1,4546,51,0
4066,47,21282.0,1,0,1,2,1,4081,76,0
8414,63,33419.0,0,1,1,2,1,4348,76,0
819,80,63285.0,0,0,0,1,0,4268,84,0
4961,51,21255.0,1,0,1,3,1,4191,56,0
749,44,42162.0,1,0,1,3,1,4254,31,0
5430,69,54450.0,1,1,2,4,1,4685,0,0
7755,71,57744.0,0,1,1,3,1,4261,91,0
10525,39,26576.0,1,0,1,2,1,4656,40,0
1453,82,57513.0,0,0,0,1,0,4390,59,0
8310,61,68142.0,0,1,1,3,1,4701,96,0
10710,46,7500.0,0,1,1,3,1,4701,61,0
5031,51,83145.0,0,0,0,2,0,4677,14,0
2613,65,54197.0,0,1,1,3,1,4119,16,0
213,62,23091.0,1,1,2,3,1,4064,98,0
967,49,46049.0,1,1,2,4,1,4375,11,0
1077,51,56715.0,0,0,0,2,0,4603,52,0
7959,64,79410.0,0,0,0,2,0,4063,19,0
640,74,57304.0,0,1,1,3,1,4507,61,0
4252,60,44375.0,0,1,1,3,1,4130,73,0
8432,69,54450.0,1,1,2,4,1,4685,0,0
6218,60,59594.0,0,1,1,3,1,4649,74,0
6905,31,80685.0,0,0,0,2,0,4708,55,0
5922,51,40344.0,0,1,1,3,1,4291,48,0
3598,53,62710.0,0,1,1,3,1,4434,53,0
6116,57,48985.0,0,1,1,3,1,4391,13,0
6263,57,35322.0,1,2,3,5,1,4708,34,0
10486,77,77142.0,0,0,0,2,0,4428,54,0
2410,56,81657.0,0,0,0,1,0,4190,69,0
193,29,14421.0,0,0,0,2,0,4164,81,0
3363,51,20130.0,0,0,0,2,0,4136,99,0
8278,35,74214.0,0,0,0,2,0,4704,3,0
10660,68,66726.0,1,1,2,4,1,4200,61,0
8686,46,23724.0,1,0,1,3,1,4569,65,0
1604,65,47353.0,0,1,1,3,1,4260,93,0
5907,73,33444.0,1,1,2,4,1,4635,24,0
10669,44,54386.0,0,1,1,3,1,4440,8,0
2918,44,28510.0,1,1,2,3,1,4474,72,0
5735,34,90638.0,0,0,0,1,0,4168,29,0
359,75,48070.0,0,1,1,3,1,4564,33,1
8387,68,43140.0,0,1,1,3,1,4572,68,0
1829,64,54959.0,0,1,1,2,1,4558,55,0
3839,67,15056.0,1,1,2,3,1,4454,76,0
9392,54,26954.0,1,0,1,2,1,4084,17,0
2292,40,22327.0,1,0,1,2,1,4363,94,0
10466,60,44393.0,1,1,2,4,1,4343,86,0
9855,73,62000.0,0,1,1,2,1,4340,25,0
4088,63,31497.0,0,1,1,3,1,4602,22,0
5231,51,45894.0,0,2,2,4,1,4154,15,0
590,55,78579.0,0,0,0,1,0,4586,35,0
8732,56,67369.0,0,1,1,2,1,4621,81,0
2315,65,58401.0,0,1,1,2,1,4102,55,0
3515,73,62307.0,0,1,1,2,1,4164,94,0
2245,56,43641.0,1,1,2,4,1,4465,50,0
6283,57,63841.0,0,1,1,2,1,4466,64,0
2246,60,46891.0,0,1,1,3,1,4333,91,0
6606,56,70091.0,1,0,1,3,1,4487,11,0
5545,53,78075.0,0,0,0,2,0,4117,72,0
7342,64,59184.0,0,1,1,2,1,4690,6,0
837,48,54809.0,1,1,2,4,1,4323,0,0
9500,66,58113.0,0,1,1,3,1,4552,66,1
3602,67,51412.0,0,1,1,3,1,4212,42,0
234,46,15287.0,1,0,1,2,1,4659,60,0
2995,68,66636.0,0,0,0,2,0,4348,64,0
1118,69,50965.0,0,1,1,3,1,4526,87,0
7789,60,84618.0,0,0,0,2,0,4251,96,0
3068,35,18351.0,0,0,0,2,0,4275,1,0
8955,68,40451.0,0,2,2,4,1,4165,54,0
945,60,36317.0,0,1,1,3,1,4435,53,0
5644,68,42213.0,0,1,1,3,1,4292,96,0
7192,70,65748.0,0,1,1,3,1,4472,58,1
2324,53,77044.0,0,1,1,3,1,4277,12,0
697,56,74918.0,0,0,0,2,0,4506,78,0
3439,53,56721.0,1,1,2,4,1,4638,64,0
1506,50,42160.0,1,1,2,3,1,4398,26,0
232,60,61559.0,0,1,1,2,1,4379,8,0
8876,62,33629.0,1,1,2,4,1,4722,49,0
4500,34,68682.0,0,0,0,2,0,4298,56,0
9739,62,34377.0,0,1,1,2,1,4558,55,0
10395,39,8940.0,1,0,1,2,1,4708,25,0
1176,52,26228.0,1,0,1,3,1,4312,50,0
1627,68,77297.0,0,0,0,1,0,4551,84,0
938,44,40211.0,1,1,2,4,1,4366,30,0
2740,67,33438.0,1,1,2,3,1,4312,81,0
257,66,75032.0,0,1,1,3,1,4459,74,0
4058,70,61284.0,0,0,0,1,0,4292,76,0
7736,39,22518.0,1,0,1,3,1,4647,36,0
8210,50,54730.0,0,1,1,3,1,4350,64,0
833,70,38452.0,1,1,2,4,1,4123,62,0
6230,54,44421.0,1,1,2,3,1,4531,53,0
7325,39,38197.0,1,0,1,3,1,4397,86,0
1307,47,41986.0,0,1,1,2,1,4172,15,0
1502,42,28427.0,1,0,1,3,1,4497,67,0
6211,49,37395.0,1,0,1,3,1,4090,47,0
843,54,64722.0,1,0,1,3,1,4066,47,0
4174,69,55249.0,0,1,1,3,1,4105,81,0
9757,53,84906.0,0,0,0,2,0,4300,98,0
6918,36,28691.0,1,0,1,3,1,4392,56,0
286,73,44213.0,1,1,2,3,1,4244,48,0
11086,41,25707.0,1,0,1,2,1,4194,18,0
1921,58,59062.0,2,1,3,5,1,4301,74,0
4138,63,76624.0,0,1,1,2,1,4068,68,0
7718,78,66000.0,0,0,0,2,0,4102,36,0
1291,47,27683.0,1,0,1,3,1,4726,90,0
6862,54,1730.0,0,0,0,1,0,4074,65,0
4136,33,7500.0,1,0,1,2,1,4605,63,0
803,57,40521.0,1,1,2,4,1,4482,82,0
4298,52,20427.0,1,0,1,3,1,4129,63,0
10833,50,65106.0,0,1,1,3,1,4068,55,0
9606,60,69969.0,0,0,0,2,0,4338,64,0
8534,73,67433.0,0,2,2,4,1,4380,51,0
5153,58,77766.0,0,1,1,3,1,4524,97,0
961,53,74716.0,0,1,1,3,1,4322,92,0
5011,62,68118.0,0,1,1,2,1,4286,51,0
6653,55,55158.0,1,1,2,4,1,4731,72,0
9094,70,62972.0,0,1,1,3,1,4727,39,0
810,50,74190.0,0,1,1,3,1,4080,49,0
5493,49,39356.0,1,1,2,4,1,4134,21,0
2147,56,76653.0,0,0,0,2,0,4349,91,0
5107,52,35860.0,1,1,2,3,1,4073,37,0
3979,42,90687.0,0,0,0,1,0,4435,98,0
6049,43,73450.0,0,0,0,2,0,4238,85,0
8147,65,31454.0,1,1,2,4,1,4390,40,0
1857,73,47139.0,1,1,2,3,1,4147,2,0
3910,50,83829.0,0,0,0,1,0,4296,78,0
5207,62,53378.0,1,1,2,4,1,4675,41,0
11114,55,19656.0,1,0,1,3,1,4538,94,0
5429,77,45579.0,0,1,1,3,1,4345,10,0
9400,67,85485.0,0,0,0,1,0,4040,73,0
1740,81,55956.0,0,0,0,2,0,4115,22,0
7488,62,64191.0,0,1,1,2,1,4555,30,0
195,53,38808.0,1,0,1,2,1,4704,21,0
635,59,57183.0,1,1,2,4,1,4499,51,0
7527,57,23748.0,1,0,1,2,1,4617,97,0
10319,54,66303.0,0,1,1,3,1,4520,56,0
2296,50,37368.0,1,0,1,3,1,4227,4,0
10637,61,40800.0,1,2,3,5,1,4576,77,1
2931,47,71847.0,0,0,0,1,0,4678,95,0
907,50,46149.0,0,1,1,3,1,4244,36,0
3698,42,78687.0,0,0,0,2,0,4721,13,0
9516,54,49118.0,0,0,0,1,0,4712,90,0
679,68,37633.0,1,1,2,4,1,4679,49,0
7384,74,39767.0,0,0,0,2,0,4375,18,0
5043,74,26997.0,0,0,0,2,0,4633,89,0
5267,55,33986.0,1,0,1,2,1,4504,43,0
339,53,57091.0,0,1,1,3,1,4615,82,0
2516,56,46831.0,1,1,2,4,1,4418,84,0
9010,53,83151.0,0,0,0,2,0,4536,80,0
378,54,52531.0,0,0,0,2,0,4578,68,0
4808,69,15759.0,0,0,0,2,0,4329,12,0
5068,54,22804.0,1,0,1,2,1,4365,75,0
7628,52,43050.0,1,0,1,3,1,4135,10,0
7128,48,42997.0,1,1,2,3,1,4236,91,0
2811,62,48918.0,1,1,2,3,1,4110,21,0
3551,71,60033.0,0,1,1,3,1,4124,28,0
1663,47,34043.0,1,0,1,3,1,4279,97,0
5543,59,57811.0,0,1,1,3,1,4402,49,0
1577,79,78569.0,0,0,0,2,0,4162,14,0
10641,47,7500.0,1,1,2,3,1,4581,5,0
5336,54,157733.0,1,0,1,3,1,4422,37,0
6024,72,94384.0,0,0,0,2,0,4514,62,0
1878,40,23148.0,0,0,0,2,0,4163,83,0
3099,55,44267.0,1,1,2,3,1,4521,48,0
6055,46,71626.0,0,0,0,2,0,4637,94,0
5841,59,60894.0,0,1,1,3,1,4398,61,0
3972,49,50200.0,1,1,2,4,1,4484,70,0
4394,60,81051.0,0,0,0,2,0,4069,43,0
5758,43,65169.0,0,0,0,2,0,4198,23,0
6658,53,59868.0,0,1,1,3,1,4374,37,0
4603,65,65695.0,0,1,1,3,1,4181,50,0
8427,69,64857.0,0,0,0,1,0,4615,78,0
10260,60,45143.0,0,1,1,3,1,4339,74,0
7143,70,74805.0,0,1,1,3,1,4267,14,0
8789,36,59060.0,1,0,1,3,1,4201,77,0
6197,63,27238.0,1,1,2,3,1,4467,39,0
4554,60,47009.0,0,1,1,3,1,4303,89,0
4937,52,46094.0,1,1,2,4,1,4051,62,0
1920,53,40321.0,1,1,2,4,1,4367,59,0
8749,41,37235.0,1,0,1,3,1,4180,68,0
1650,65,81843.0,0,0,0,2,0,4465,13,0
10377,67,46692.0,0,1,1,3,1,4420,37,0
9206,57,77382.0,0,1,1,3,1,4205,36,0
10971,48,37774.0,2,0,2,3,1,4696,28,1
6398,51,18393.0,1,0,1,3,1,4124,2,0
9212,63,72828.0,0,1,1,3,1,4532,17,0
7937,43,24711.0,0,0,0,2,0,4104,86,0
839,50,45503.0,1,0,1,3,1,4309,54,0
4246,43,6560.0,0,0,0,1,0,4231,2,0
158,80,71604.0,0,0,0,2,0,4256,3,0
4832,46,27244.0,1,0,1,3,1,4146,84,0
5621,56,48752.0,1,1,2,4,1,4596,8,0
1945,63,71434.0,0,1,1,3,1,4316,4,0
5147,77,90842.0,0,0,0,1,0,4367,57,0
2535,47,88097.0,1,0,1,3,1,4712,24,0
11039,50,51948.0,0,1,1,3,1,4317,51,0
9495,43,71853.0,0,0,0,2,0,4449,29,0
9635,42,35876.0,0,0,0,2,0,4102,13,0
2173,73,40049.0,0,1,1,2,1,4288,23,0
942,43,39660.0,1,0,1,2,1,4722,36,0
9386,63,50127.0,0,1,1,3,1,4063,88,0
5510,48,43263.0,0,1,1,3,1,4617,2,0
873,76,62845.0,1,1,2,4,1,4668,3,0
2253,35,18929.0,0,0,0,2,0,4530,15,0
5181,43,24367.0,1,0,1,2,1,4498,58,0
979,50,33249.0,1,0,1,2,1,4526,11,0
10390,66,26887.0,0,1,1,3,1,4536,27,0
4698,42,50150.0,0,0,0,2,0,4406,32,0
7793,49,62061.0,0,1,1,3,1,4334,12,0
1745,63,85696.0,0,0,0,1,0,4454,88,0
10590,69,76542.0,0,0,0,2,0,4488,91,0
5080,32,70515.0,0,0,0,1,0,4283,12,0
8369,38,18227.0,1,0,1,3,1,4630,21,0
5232,60,69139.0,0,1,1,3,1,4185,23,0
2407,43,69109.0,0,0,0,2,0,4629,10,0
3834,63,69627.0,0,1,1,2,1,4501,35,0
7912,47,38136.0,1,0,1,3,1,4465,69,0
7712,79,62159.0,0,0,0,1,0,4094,68,0
1065,62,80695.0,0,0,0,1,0,4214,85,0
7275,54,33316.0,1,1,2,3,1,4300,34,0
1343,57,58554.0,1,1,2,4,1,4673,55,0
1384,33,17256.0,1,0,1,3,1,4250,10,0
9967,51,53034.0,1,1,2,3,1,4427,30,0
6181,75,52203.0,0,0,0,2,0,4730,36,0
10507,48,59601.0,0,1,1,2,1,4371,14,0
2674,67,75154.0,0,1,1,2,1,4695,79,0
2698,49,47025.0,0,1,1,2,1,4266,52,0
3231,52,37971.0,1,0,1,3,1,4248,97,0
4096,57,41335.0,1,0,1,2,1,4217,24,0
10476,67,67267.0,0,1,1,3,1,4079,0,0
5948,50,57338.0,0,1,1,2,1,4093,96,0
9140,65,50523.0,1,1,2,4,1,4218,89,0
10258,60,35791.0,2,1,3,4,1,4451,94,0
5675,65,50611.0,0,1,1,2,1,4665,98,0
4743,56,56242.0,0,1,1,3,1,4515,72,0
8805,65,48904.0,0,1,1,2,1,4606,1,0
1542,50,56243.0,1,2,3,4,1,4213,26,0
6770,40,21355.0,1,0,1,3,1,4345,5,0
8773,54,57420.0,0,1,1,3,1,4401,22,0
10475,55,51381.5,0,1,1,3,1,4486,39,0
10420,70,46390.0,0,1,1,2,1,4087,56,0
7514,69,54342.0,1,1,2,4,1,4393,74,0
2902,67,51381.5,1,1,2,4,1,4696,87,0
4345,61,51381.5,1,1,2,3,1,4200,49,0
793,52,20895.0,1,0,1,3,1,4663,24,0
10909,77,92344.0,0,0,0,2,0,4197,9,0
3769,53,51381.5,1,0,1,3,1,4151,17,0
8702,49,26907.0,1,1,2,4,1,4345,10,0
4791,45,44964.0,1,1,2,4,1,4592,35,0
2963,46,75507.0,0,0,0,2,0,4090,56,0
8216,53,53761.0,1,1,2,4,1,4293,7,0
8140,52,22682.0,1,0,1,3,1,4301,51,0
10146,53,38887.0,1,0,1,3,1,4151,17,0
5289,50,41658.0,1,1,2,3,1,4629,30,0
2587,53,29791.0,1,0,1,3,1,4077,21,0
4405,69,63915.0,0,2,2,4,1,4366,2,0
8663,51,39996.0,1,1,2,3,1,4070,85,0
2589,53,26759.0,1,0,1,2,1,4174,65,0
3421,57,63841.0,0,1,1,2,1,4466,64,0
10490,56,51039.0,1,1,2,4,1,4598,11,0
4094,64,60544.0,1,1,2,4,1,4705,92,0
9958,53,65685.0,0,1,1,3,1,4124,54,0
2534,72,37716.0,0,1,1,3,1,4101,4,0
4188,68,36864.0,0,1,1,2,1,4717,53,0
6613,55,44511.0,1,0,1,3,1,4657,39,0
10827,58,36947.0,1,1,2,4,1,4723,49,0
5491,74,47352.0,0,1,1,3,1,4476,70,0
8402,72,67087.0,0,1,1,3,1,4226,40,0
8783,75,57045.0,0,1,1,3,1,4691,40,0
10010,72,36957.0,1,1,2,3,1,4693,43,0
618,48,69389.0,0,1,1,3,1,4671,17,0
9121,53,80134.0,1,0,1,3,1,4437,40,0
361,56,43142.0,1,1,2,4,1,4163,84,0
4310,81,80589.0,0,0,0,2,0,4190,25,0
2678,35,34412.0,1,0,1,2,1,4533,62,0
6376,46,57537.0,1,0,1,2,1,4416,83,0
524,59,22634.0,0,0,0,2,0,4561,47,0
10341,77,51315.0,0,0,0,2,0,4158,45,0
5654,53,36026.0,2,1,3,5,1,4137,34,0
4098,52,24639.0,1,1,2,4,1,4184,3,0
5824,53,34578.0,2,1,3,5,1,4111,1,0
7000,53,65704.0,0,0,0,1,0,4291,18,0
2561,59,63810.0,0,1,1,2,1,4627,45,0
5229,56,54132.0,0,1,1,3,1,4165,81,0
4086,66,18690.0,0,0,0,2,0,4580,77,0
2428,55,28164.0,1,0,1,3,1,4453,23,0
8254,51,34596.0,1,0,1,3,1,4474,48,0
2836,53,43269.0,1,0,1,3,1,4318,61,0
8418,67,38741.0,1,1,2,3,1,4123,60,0
1362,53,31907.0,0,0,0,1,0,4514,75,0
7152,42,27100.0,1,0,1,3,1,4482,64,0
10033,52,31163.0,1,0,1,2,1,4168,54,0
9349,40,92533.0,0,0,0,2,0,4224,84,0
274,52,34853.0,1,1,2,3,1,4220,75,0
3388,58,70844.0,1,1,2,3,1,4274,16,0
922,46,31086.0,1,1,2,4,1,4453,79,0
8588,64,60544.0,1,1,2,4,1,4705,92,0
2518,39,20491.0,0,0,0,2,0,4552,16,0
574,61,42523.0,0,0,0,2,0,4099,96,0
3220,42,39922.0,1,0,1,3,1,4532,30,0
5967,73,33402.0,1,1,2,4,1,4378,60,0
1183,76,36408.0,1,1,2,4,1,4313,11,0
6856,46,21645.0,1,0,1,3,1,4696,75,0
4530,77,78427.0,0,0,0,1,0,4645,36,0
1553,79,82657.0,0,0,0,2,0,4307,71,0
4682,67,51876.0,0,0,0,2,0,4289,88,0
8204,54,78041.0,0,0,0,2,0,4592,93,0
5221,68,52852.0,0,1,1,3,1,4607,93,0
1232,43,70038.0,0,0,0,2,0,4279,54,0
1927,52,69401.0,0,1,1,3,1,4130,41,0
5788,53,46053.0,1,0,1,3,1,4529,46,0
6652,60,77343.0,0,0,0,2,0,4052,28,0
6246,72,73892.0,0,0,0,1,0,4260,40,0
5975,58,40304.0,1,0,1,2,1,4304,82,0
6875,60,32727.0,0,0,0,2,0,4702,38,0
4399,56,68695.0,0,0,0,2,0,4036,3,0
4042,54,43300.0,0,1,1,2,1,4656,87,0
2157,53,26290.0,1,1,2,4,1,4565,49,0
10133,55,93790.0,0,0,0,1,0,4169,16,0
2525,51,38410.0,0,0,0,2,0,4685,65,0
8233,75,64866.0,0,1,1,2,1,4186,9,0
9483,66,57957.0,0,1,1,3,1,4346,24,1
2945,70,46015.0,1,1,2,4,1,4109,25,0
10403,47,16531.0,1,0,1,3,1,4043,43,0
5074,39,28072.0,1,0,1,3,1,4388,10,0
10524,62,49476.0,0,1,1,2,1,4406,29,0
4690,72,50725.0,0,1,1,3,1,4533,45,0
7521,73,83844.0,0,0,0,2,0,4445,57,0
7196,75,41145.0,1,1,2,4,1,4173,20,0
4406,55,67419.0,0,1,1,3,1,4561,29,0
9672,55,23162.0,1,1,2,4,1,4222,82,0
4864,48,34380.0,1,0,1,3,1,4455,68,0
4706,59,34704.0,0,1,1,2,1,4460,65,0
4070,56,94871.0,0,2,2,4,1,4698,99,0
25,67,65148.0,0,1,1,3,1,4622,9,0
3697,71,39898.0,0,1,1,3,1,4534,20,0
217,69,64857.0,0,0,0,1,0,4615,78,0
4220,55,59892.0,0,1,1,3,1,4271,26,0
5286,38,41020.0,0,0,0,1,0,4276,68,0
9559,64,57072.0,0,1,1,3,1,4188,79,0
2849,46,60474.0,0,1,1,2,1,4486,25,0
7787,65,62807.0,0,1,1,3,1,4699,83,0
3102,44,19414.0,1,0,1,3,1,4288,32,0
5868,45,19107.0,1,0,1,3,1,4343,49,0
8370,49,75484.0,0,1,1,3,1,4728,50,0
9988,49,70379.0,0,1,1,2,1,4515,84,0
2939,55,79419.0,0,0,0,2,0,4039,96,0
5529,79,64014.0,2,1,3,5,1,4051,56,0
9743,70,76998.0,0,1,1,3,1,4566,85,0
5763,53,49854.0,1,0,1,3,1,4263,63,0
3478,54,60585.0,1,1,2,4,1,4402,17,0
7494,75,42873.0,1,1,2,3,1,4556,11,0
1763,37,87679.0,0,0,0,2,0,4369,62,0
7250,47,57867.0,1,0,1,3,1,4303,48,0
2005,35,35765.0,1,0,1,3,1,4232,86,0
10770,66,65492.0,0,0,0,2,0,4186,73,0
6885,48,32952.0,1,0,1,2,1,4242,36,0
2072,56,53374.0,0,1,1,3,1,4714,34,0
9463,66,71706.0,0,1,1,3,1,4625,16,0
6318,37,68487.0,0,0,0,2,0,4564,48,0
4093,50,53253.0,1,1,2,4,1,4535,61,0
5751,52,31163.0,1,0,1,2,1,4168,54,0
3340,48,42014.0,1,0,1,3,1,4713,56,0
3594,52,54108.0,1,1,2,4,1,4633,74,0
3584,70,49667.0,0,0,0,1,0,4710,35,0
3643,51,63206.0,0,0,0,2,0,4133,65,0
851,53,57136.0,1,1,2,4,1,4387,48,0
7706,50,46772.0,0,1,1,3,1,4631,88,0
3967,54,78931.0,0,0,0,2,0,4279,19,0
10128,67,53977.0,0,1,1,3,1,4418,21,0
486,37,84219.0,0,0,0,2,0,4179,27,0
9,50,46098.0,1,1,2,3,1,4712,86,0
9451,60,73538.0,0,1,1,3,1,4613,92,0
9264,39,79529.0,0,0,0,2,0,4095,1,0
3865,48,20981.0,0,0,0,2,0,4457,14,0
2853,45,51766.0,1,0,1,2,1,4142,74,0
1490,63,55759.0,0,1,1,3,1,4610,84,0
6310,47,33039.0,1,0,1,3,1,4325,4,0
10380,53,37787.0,1,0,1,3,1,4314,50,0
3887,55,27242.0,1,0,1,2,1,4627,2,0
4278,42,87188.0,0,0,0,1,0,4423,73,0
8643,54,69930.0,0,0,0,2,0,4431,21,0
1998,49,37697.0,1,0,1,2,1,4174,82,0
10795,52,37401.0,1,0,1,3,1,4086,14,0
11110,52,3502.0,1,0,1,2,1,4474,56,0
2408,49,58597.0,1,1,2,4,1,4618,20,0
202,77,82032.0,0,0,0,1,0,4117,54,0
7998,67,28087.0,1,1,2,4,1,4597,77,0
830,38,74004.0,0,0,0,1,0,4157,5,0
3536,65,19740.0,0,1,1,3,1,4494,65,0
6050,50,57036.0,0,1,1,3,1,4597,33,0
125,67,53083.0,1,1,2,4,1,4442,65,0
3463,50,69283.0,0,1,1,3,1,4047,41,0
2804,50,46098.0,1,1,2,3,1,4712,86,0
3745,37,23331.0,1,0,1,3,1,4695,92,0
9771,37,23331.0,1,0,1,2,1,4664,97,0
451,36,9255.0,1,0,1,2,1,4223,91,0
10530,66,67786.0,0,0,0,1,0,4236,0,0
1079,54,71969.0,0,1,1,3,1,4653,59,0
8920,58,59235.0,1,0,1,2,1,4565,4,0
6678,36,31928.0,1,0,1,3,1,4125,5,0
3852,64,74881.0,1,1,2,4,1,4510,48,0
528,47,65819.0,0,0,0,2,0,4609,99,0
73,72,51411.0,1,2,3,4,1,4431,81,0
5589,61,51983.0,0,1,1,2,1,4699,95,0
10212,39,42386.0,1,0,1,3,1,4564,43,0
6365,38,30390.0,0,0,0,2,0,4332,5,0
5636,62,30983.0,0,0,0,1,0,4629,50,0
591,68,66033.0,0,1,1,2,1,4557,76,0
2217,50,37284.0,1,1,2,4,1,4489,46,0
2544,74,57530.0,0,1,1,2,1,4292,68,0
7725,60,76800.0,0,0,0,2,0,4145,33,0
8091,69,63943.0,0,1,1,3,1,4697,50,0
7321,63,76081.0,0,0,0,2,0,4069,85,0
5462,51,67445.0,0,1,1,3,1,4718,63,0
7791,58,37054.0,1,1,2,4,1,4319,89,0
955,63,47175.0,1,1,2,4,1,4641,81,0
4037,49,31859.0,1,0,1,2,1,4412,77,0
6642,64,27215.0,2,1,3,4,1,4554,50,0
2793,49,70179.0,0,1,1,2,1,4375,10,0
5424,42,39922.0,1,0,1,3,1,4532,30,0
879,49,49681.0,0,2,2,4,1,4269,66,0
9530,37,24645.0,1,0,1,3,1,4637,16,0
4828,71,79865.0,0,1,1,2,1,4043,12,0
10699,40,44322.0,1,0,1,3,1,4045,30,0
1497,73,47958.0,0,1,1,2,1,4558,8,0
7476,61,63972.0,0,1,1,2,1,4606,93,0
4390,71,75315.0,0,1,1,3,1,4107,14,0
10478,75,55517.0,1,1,2,4,1,4672,53,0
1081,68,75283.0,1,2,3,5,1,4491,26,0
4261,79,82800.0,0,0,0,1,0,4614,23,0
9916,71,38998.0,1,1,2,4,1,4635,92,1
5350,34,90638.0,0,0,0,1,0,4168,29,0
8135,39,27161.0,1,0,1,3,1,4276,41,0
8685,48,42014.0,1,0,1,3,1,4713,56,0
4967,65,38201.0,0,1,1,3,1,4489,19,0
2130,43,45203.0,2,0,2,4,1,4130,4,0
9298,78,81574.0,0,0,0,2,0,4094,89,0
8175,33,34935.0,0,0,0,2,0,4405,71,0
6257,49,60482.0,0,1,1,2,1,4554,81,0
3790,69,34633.0,2,1,3,5,1,4189,31,0
9952,78,78093.0,0,0,0,2,0,4232,53,0
3503,75,82460.0,0,0,0,1,0,4241,78,0
5223,59,45903.0,0,1,1,3,1,4099,80,0
4608,38,81361.0,0,0,0,1,0,4156,18,0
1626,52,35860.0,1,1,2,3,1,4073,37,0
4764,73,40442.0,1,1,2,4,1,4711,52,0
2471,60,61482.0,0,0,0,2,0,4034,39,0
5892,45,34968.0,1,0,1,3,1,4477,11,0
2612,38,75794.0,0,0,0,2,0,4219,33,0
4971,63,31497.0,0,1,1,3,1,4602,22,0
5185,70,74268.0,0,0,0,2,0,4532,83,0
10069,37,13724.0,1,0,1,3,1,4699,43,0
2262,60,45143.0,0,1,1,3,1,4339,74,0
1131,58,52569.0,0,1,1,2,1,4117,54,0
1041,52,48432.0,0,1,1,2,1,4651,3,0
24,65,17144.0,1,1,2,4,1,4166,96,0
3409,41,36108.0,1,0,1,2,1,4289,68,0
7022,54,76445.0,1,0,1,3,1,4671,2,0
7943,50,36663.0,1,0,1,3,1,4097,40,0
5272,60,53843.0,0,1,1,3,1,4399,64,0
5453,69,90226.0,0,0,0,2,0,4673,26,0
2565,70,70638.0,0,0,0,1,0,4425,69,0
800,65,44512.0,1,1,2,4,1,4335,57,0
11092,64,27116.0,1,1,2,4,1,4151,78,0
5062,62,54072.0,1,1,2,4,1,4369,71,0
8969,48,71855.0,0,1,1,3,1,4561,59,0
4656,35,51250.0,1,0,1,2,1,4488,28,0
4480,52,60432.0,0,1,1,3,1,4144,61,0
9971,61,65526.0,0,1,1,3,1,4111,22,0
6729,37,68655.0,0,0,0,1,0,4720,95,0
1773,47,12393.0,0,0,0,2,0,4604,38,0
9242,35,64509.0,0,0,0,1,0,4348,19,0
1764,50,33955.0,1,0,1,2,1,4356,92,0
6215,48,31353.0,1,1,2,4,1,4214,24,0
10099,41,55434.0,1,0,1,3,1,4299,21,0
5423,42,28359.0,1,0,1,3,1,4277,35,0
940,38,57100.0,1,0,1,2,1,4074,9,0
3011,60,69139.0,0,1,1,3,1,4185,23,0
3298,69,52973.0,0,1,1,3,1,4630,92,0
8286,60,51717.0,0,1,1,3,1,4345,55,0
9668,54,18793.0,1,0,1,3,1,4565,14,0
5120,43,66664.0,0,0,0,2,0,4674,78,0
6097,66,50664.0,1,1,2,3,1,4561,64,0
7019,62,54414.0,1,1,2,4,1,4554,49,0
7408,73,54549.0,0,1,1,3,1,4150,8,0
8041,54,47111.0,0,1,1,2,1,4691,35,0
252,62,41003.0,0,0,0,1,0,4501,11,0
9986,43,19444.0,1,0,1,3,1,4159,8,0
3276,49,36301.0,1,0,1,3,1,4279,53,0
3859,78,73059.0,0,1,1,3,1,4334,36,0
3570,56,42731.0,1,0,1,3,1,4283,64,0
3783,66,52854.0,1,1,2,4,1,4129,43,0
10207,47,22775.0,1,0,1,3,1,4407,40,0
10906,77,46681.0,0,2,2,4,1,4296,52,0
3427,70,59821.0,0,1,1,3,1,4475,11,0
5209,71,50002.0,0,1,1,2,1,4409,21,0
10711,80,69755.0,0,0,0,2,0,4302,23,0
10785,56,44078.0,1,1,2,4,1,4042,17,0
2814,49,30560.0,1,0,1,3,1,4399,6,0
6866,56,35924.0,1,1,2,4,1,4130,56,0
1665,61,64140.0,0,2,2,3,1,4311,71,0
6575,44,56386.0,1,1,2,4,1,4642,51,0
3829,46,24594.0,1,0,1,3,1,4233,94,0
3091,44,75774.0,1,0,1,3,1,4090,27,0
10141,65,39228.0,0,0,0,1,0,4447,1,0
5177,51,58494.0,0,1,1,3,1,4231,56,0
7005,44,58684.0,0,0,0,1,0,4045,71,0
6409,58,57136.0,0,0,0,1,0,4439,18,0
7485,75,56551.0,1,1,2,3,1,4085,48,0
8079,43,22448.0,1,0,1,3,1,4155,86,0
8395,64,82014.0,0,0,0,1,0,4710,48,0
10352,62,34213.0,1,1,2,3,1,4692,2,0
4931,48,157146.0,0,0,0,2,0,4458,13,0
13,78,25358.0,0,1,1,2,1,4374,57,0
1834,47,35544.0,1,0,1,2,1,4145,77,0
2285,71,36634.0,0,1,1,3,1,4429,0,0
2295,71,62670.0,0,1,1,3,1,4179,57,0
1378,53,50334.0,0,1,1,3,1,4372,24,0
2781,44,72066.0,0,0,0,1,0,4038,55,0
1165,67,50729.0,1,1,2,3,1,4455,62,0
1404,57,34916.0,2,0,2,4,1,4442,89,0
6457,49,64892.0,0,1,1,2,1,4063,77,0
2639,59,43602.0,1,1,2,3,1,4202,45,0
8299,36,33996.0,0,0,0,1,0,4323,46,0
6437,40,41473.0,1,0,1,2,1,4407,80,0
6912,58,63246.0,0,2,2,4,1,4345,60,0
7327,66,36732.0,1,1,2,4,1,4214,71,0
5299,55,69084.0,1,0,1,3,1,4254,43,0
4127,58,77766.0,0,1,1,3,1,4524,97,0
8143,40,37929.0,0,0,0,1,0,4366,49,0
1964,74,86610.0,0,0,0,2,0,4329,66,0
3690,39,80141.0,0,0,0,2,0,4566,20,0
3433,70,72635.0,0,0,0,2,0,4423,54,0
3389,55,69016.0,0,1,1,3,1,4616,61,0
4712,34,20193.0,0,0,0,2,0,4610,18,0
1170,50,27573.0,1,0,1,3,1,4493,45,0
6347,46,15862.0,1,0,1,2,1,4399,26,0
4065,49,49544.0,1,0,1,3,1,4534,0,0
8230,45,33228.0,1,0,1,3,1,4189,28,0
1215,47,70440.0,0,0,0,2,0,4296,49,0
5939,54,38232.0,1,1,2,4,1,4195,84,0
2156,70,22554.0,1,1,2,4,1,4635,38,0
7788,42,23536.0,1,0,1,3,1,4057,53,0
10323,73,49413.0,0,1,1,3,1,4279,88,0
7947,56,42231.0,1,1,2,4,1,4128,99,0
1891,45,78789.0,0,0,0,1,0,4722,12,0
2570,57,56534.0,0,1,1,3,1,4373,35,0
9256,54,58350.0,0,1,1,2,1,4573,5,0
295,36,81217.0,0,0,0,1,0,4377,77,0
7397,74,49090.0,0,1,1,2,1,4377,45,0
6349,38,61787.0,0,0,0,1,0,4390,71,0
10790,40,18169.0,1,0,1,3,1,4527,40,0
10398,44,24336.0,1,0,1,2,1,4703,82,0
2431,35,18222.0,0,0,0,2,0,4577,70,0
550,73,62335.0,0,1,1,2,1,4434,87,0
1890,54,42033.0,1,1,2,4,1,4680,95,0
10742,42,86580.0,0,0,0,2,0,4519,72,0
10356,68,41437.0,1,1,2,3,1,4677,5,0
4676,74,73705.0,0,2,2,3,1,4148,86,0
8852,49,61064.0,0,1,1,3,1,4699,80,0
3565,70,38452.0,1,1,2,4,1,4123,62,0
5294,36,18358.0,1,0,1,2,1,4253,49,0
1958,52,55012.0,0,1,1,3,1,4132,85,0
7349,52,9722.0,1,0,1,3,1,4667,7,0
8799,41,38175.0,1,0,1,3,1,4311,6,0
1351,69,58656.0,0,1,1,3,1,4679,25,0
1045,60,52117.0,0,1,1,3,1,4714,55,0
7732,47,64813.0,1,0,1,3,1,4210,81,0
8070,52,54222.0,0,1,1,3,1,4152,98,0
477,39,83512.0,0,0,0,2,0,4044,31,0
7832,66,77520.0,0,1,1,3,1,4337,30,0
2202,47,41154.0,0,1,1,3,1,4478,98,0
7396,59,80398.0,0,0,0,2,0,4628,92,0
4055,33,18746.0,1,0,1,2,1,4063,41,0
10340,41,35196.0,1,0,1,3,1,4625,68,0
10091,69,60230.0,0,1,1,2,1,4437,78,0
7629,48,22108.0,1,1,2,4,1,4084,46,0
10640,51,44392.0,1,1,2,4,1,4329,71,0
3498,49,55424.0,0,1,1,3,1,4613,6,0
6742,46,17688.0,1,0,1,3,1,4564,82,1
1172,42,92491.0,0,0,0,2,0,4456,71,0
569,34,90273.0,0,0,0,1,0,4229,32,0
4686,63,82571.0,0,0,0,1,0,4120,28,0
1381,43,38513.0,1,0,1,2,1,4184,20,0
2634,46,16653.0,1,0,1,2,1,4104,10,0
10905,70,42586.0,1,1,2,4,1,4640,7,0
1744,60,23529.0,0,1,1,2,1,4570,67,0
1000,64,74881.0,1,1,2,4,1,4510,48,0
3828,74,71107.0,0,1,1,3,1,4529,61,0
8605,61,46910.0,1,1,2,4,1,4130,36,0
10304,66,18690.0,0,0,0,2,0,4580,77,0
4351,70,37244.0,1,1,2,3,1,4460,90,0
10129,59,82427.0,0,0,0,2,0,4141,35,0
2499,67,75342.0,0,1,1,2,1,4451,38,0
10092,71,70044.0,0,1,1,2,1,4528,46,0
7500,58,79146.0,1,1,2,3,1,4098,33,0
5796,62,77437.0,0,0,0,2,0,4247,70,0
10556,66,54984.0,0,1,1,3,1,4068,51,0
1064,54,42403.0,1,0,1,3,1,4232,18,0
48,61,55761.0,0,1,1,3,1,4098,97,0
7610,42,37292.0,1,0,1,3,1,4469,32,0
263,80,45576.0,0,0,0,1,0,4064,9,0
10814,78,70321.0,0,0,0,2,0,4561,6,0
9710,56,58086.0,0,1,1,2,1,4557,80,0
9292,73,81795.0,0,0,0,2,0,4643,74,0
10250,78,28389.0,0,0,0,2,0,4618,49,0
7881,79,66835.0,0,0,0,2,0,4306,21,0
5847,56,69901.0,0,1,1,2,1,4428,95,0
737,76,80360.0,0,0,0,2,0,4515,56,0
3571,64,63342.0,0,1,1,3,1,4653,48,0
7807,51,44989.0,0,1,1,3,1,4687,26,0
3878,45,31859.0,1,0,1,2,1,4154,3,0
5092,76,51569.0,0,1,1,2,1,4534,39,0
2154,54,30372.0,1,1,2,3,1,4583,33,0
5394,46,16014.0,1,1,2,3,1,4501,42,0
3798,57,41120.0,1,1,2,4,1,4267,80,0
3524,54,39763.0,1,0,1,2,1,4361,9,0
5247,70,38725.0,1,1,2,4,1,4082,52,0
5883,53,77981.0,1,0,1,3,1,4431,78,0
2118,61,62905.0,0,1,1,3,1,4324,68,0
8812,46,13533.0,1,0,1,2,1,4508,45,0
6616,50,59481.0,0,1,1,3,1,4281,47,0
2797,48,72117.0,0,1,1,3,1,4345,34,0
4328,39,21955.0,1,0,1,3,1,4327,81,0
9167,69,67131.0,0,1,1,3,1,4492,72,0
10560,45,36802.0,1,0,1,2,1,4045,23,0
2631,43,71853.0,0,0,0,2,0,4449,29,0
8312,64,28249.0,0,0,0,2,0,4046,80,0
5534,50,47808.0,0,1,1,3,1,4284,30,0
5093,51,25509.0,1,0,1,2,1,4681,15,0
7592,79,51012.0,0,0,0,2,0,4469,86,0
8895,40,70596.0,0,0,0,1,0,4664,68,0
8584,73,85431.0,0,0,0,2,0,4418,54,0
2694,58,42664.0,0,1,1,3,1,4135,44,0
8910,70,42586.0,1,1,2,4,1,4640,7,0
7433,40,29760.0,1,0,1,2,1,4701,87,0
164,48,28973.0,0,0,0,2,0,4656,59,0
10477,52,39435.0,1,0,1,3,1,4359,16,0
2681,41,65370.0,0,0,0,2,0,4364,1,0
5150,46,20194.0,1,0,1,2,1,4591,64,0
5283,49,42473.0,1,1,2,3,1,4164,72,0
9645,57,64590.0,0,0,0,2,0,4655,98,0
10678,66,71232.0,0,1,1,3,1,4245,91,0
7261,54,34600.0,1,1,2,4,1,4576,8,0
9648,58,46904.0,1,1,2,3,1,4635,20,0
2870,52,49094.0,0,1,1,3,1,4678,6,0
8008,42,36075.0,1,0,1,3,1,4234,54,0
1513,46,60839.0,1,1,2,4,1,4702,72,0
6173,46,77298.0,0,1,1,3,1,4271,46,0
1419,75,34026.0,1,1,2,4,1,4360,11,0
9150,62,48918.0,1,1,2,3,1,4110,21,0
7960,63,82122.0,0,0,0,2,0,4350,89,0
1250,49,37697.0,1,0,1,2,1,4174,82,0
9905,73,34074.0,1,1,2,4,1,4383,69,0
10691,65,28520.0,1,1,2,4,1,4412,55,0
7002,70,62535.0,0,1,1,2,1,4301,13,0
2952,48,36273.0,1,0,1,2,1,4106,80,0
8439,61,63404.0,0,2,2,4,1,4055,97,0
762,44,75774.0,1,0,1,3,1,4090,27,0
2831,49,78416.0,0,1,1,3,1,4034,99,0
6977,51,75702.0,0,1,1,3,1,4655,87,0
6289,74,59385.0,1,1,2,4,1,4459,85,0
4168,59,37070.0,1,1,2,3,1,4498,30,0
8397,74,44689.0,1,1,2,4,1,4202,82,0
9284,67,53977.0,0,1,1,3,1,4418,21,0
6237,59,7144.0,0,2,2,3,1,4236,92,0
3130,61,18701.0,1,1,2,3,1,4422,95,0
1619,69,90369.0,0,0,0,2,0,4094,2,0
1990,51,63159.0,0,0,0,1,0,4633,74,0
5513,59,37758.0,1,1,2,4,1,4665,49,0
269,62,46757.0,0,1,1,2,1,4622,71,0
8093,56,79734.0,0,0,0,2,0,4033,72,0
10513,33,63207.0,0,0,0,2,0,4557,68,0
10177,71,72071.0,0,1,1,2,1,4532,4,0
2549,42,21840.0,1,0,1,3,1,4375,80,0
5782,43,58582.0,0,1,1,3,1,4306,15,0
10057,74,72282.0,0,0,0,1,0,4377,70,0
10307,69,50387.0,0,2,2,4,1,4334,91,0
8566,64,32583.0,1,1,2,4,1,4046,10,0
2415,63,62568.0,0,1,1,3,1,4115,99,0
5684,54,44635.0,1,1,2,3,1,4293,25,0
8334,54,33316.0,1,1,2,3,1,4300,34,0
9166,57,63967.0,0,1,1,3,1,4356,57,0
1440,47,52513.0,0,0,0,2,0,4695,84,0
78,56,25293.0,1,0,1,3,1,4319,51,0
5441,60,54111.0,0,1,1,2,1,4340,97,0
5302,39,78394.0,0,0,0,2,0,4531,13,0
4687,67,80739.0,0,0,0,2,0,4434,92,0
1087,50,22669.0,1,0,1,3,1,4435,30,0
6859,38,29236.0,1,0,1,2,1,4296,30,0
9860,66,44911.0,0,1,1,3,1,4503,11,0
7129,63,54693.0,0,1,1,3,1,4529,72,0
5866,51,48186.0,1,0,1,3,1,4133,39,0
10521,48,54809.0,1,1,2,4,1,4323,0,0
7393,47,41580.0,1,1,2,4,1,4598,15,0
7849,55,80336.0,0,0,0,2,0,4325,12,0
332,68,47743.0,0,1,1,3,1,4496,56,0
9847,70,62972.0,0,1,1,3,1,4727,39,0
531,71,57333.0,0,1,1,2,1,4677,55,0
9576,43,32313.0,1,0,1,3,1,4535,60,0
6906,72,84953.0,0,0,0,1,0,4423,73,0
7419,57,27071.0,1,0,1,2,1,4099,90,0
3170,68,68148.0,0,0,0,2,0,4334,86,0
8527,60,65735.0,1,1,2,4,1,4236,37,0
7872,50,86836.0,0,0,0,2,0,4687,7,0
9931,62,4023.0,1,1,2,4,1,4038,29,0
10595,35,30093.0,0,0,0,2,0,4388,19,0
4609,59,57705.0,0,1,1,3,1,4201,14,0
5010,37,25008.0,1,0,1,2,1,4179,72,0
4427,30,83257.0,0,0,0,1,0,4681,56,1
11148,50,22280.0,1,0,1,3,1,4438,85,0
1168,47,72159.0,0,0,0,2,0,4640,62,0
9595,64,64260.0,0,0,0,2,0,4566,1,0
10163,41,82733.0,0,0,0,1,0,4324,28,0
2886,54,74290.0,0,1,1,2,1,4353,70,0
6710,74,58217.0,2,1,3,4,1,4621,84,0
5316,49,21024.0,0,0,0,2,0,4392,89,0
9029,53,70116.0,0,0,0,2,0,4551,73,0
521,40,54006.0,1,0,1,3,1,4681,42,0
1459,59,69063.0,0,1,1,3,1,4631,16,0
10241,50,11448.0,0,0,0,1,0,4228,16,0
1630,46,61825.0,0,1,1,2,1,4358,56,0
3254,54,70886.0,1,0,1,3,1,4290,65,0
9064,43,69109.0,0,0,0,2,0,4629,10,0
3678,52,60208.0,1,1,2,3,1,4662,13,0
4227,57,32889.0,1,1,2,4,1,4328,78,0
9467,41,34738.0,1,0,1,2,1,4081,51,0
8486,54,30538.0,1,0,1,3,1,4668,27,0
2186,48,82326.0,0,0,0,2,0,4143,30,0
3286,58,26642.0,1,0,1,2,1,4152,71,0
8602,61,69932.0,0,1,1,2,1,4414,97,0
3722,53,44503.0,1,1,2,3,1,4106,83,0
6715,77,60200.0,0,1,1,2,1,4575,3,0
4796,73,49638.0,0,1,1,2,1,4103,71,0
9612,38,23830.0,0,0,0,1,0,4174,3,0
3766,66,33051.0,0,0,0,1,0,4714,15,0
1399,67,72905.0,0,0,0,2,0,4191,52,0
1570,74,69702.0,0,1,1,3,1,4527,8,0
3426,50,70300.0,1,0,1,2,1,4381,89,0
3074,41,70643.0,0,0,0,2,0,4654,66,0
8341,56,30396.0,1,0,1,3,1,4092,22,0
5180,57,50616.0,0,1,1,2,1,4104,56,0
6461,56,62772.0,0,1,1,2,1,4438,74,0
7679,40,30298.0,0,0,0,1,0,4073,48,0
10702,41,52413.0,1,0,1,2,1,4635,67,0
7505,68,44155.0,1,1,2,4,1,4193,24,0
5113,54,86979.0,0,0,0,1,0,4266,67,0
10858,50,76532.0,1,1,2,4,1,4325,38,0
2961,43,42081.0,1,0,1,3,1,4520,86,0
2747,37,67546.0,0,0,0,2,0,4699,90,0
3010,36,88420.0,0,0,0,2,0,4090,87,0
5790,40,31158.0,1,0,1,3,1,4550,62,0
6892,57,61671.0,0,1,1,2,1,4058,23,0
1743,51,69719.0,0,0,0,1,0,4066,99,0
3578,76,49160.0,0,1,1,2,1,4284,29,0
8462,47,24882.0,1,0,1,3,1,4690,52,0
5558,71,90933.0,0,0,0,1,0,4122,90,0
4619,80,113734.0,0,0,0,1,0,4064,9,0
8780,75,59292.0,0,1,1,3,1,4413,71,0
10789,61,45759.0,1,1,2,4,1,4523,13,0
10779,42,22148.0,0,0,0,1,0,4109,16,0
5896,38,73395.0,0,0,0,2,0,4135,94,0
2337,54,29819.0,1,0,1,2,1,4280,77,0
10951,57,45688.0,0,1,1,3,1,4187,20,0
544,71,62820.0,0,0,0,2,0,4446,51,0
17,54,60491.0,0,1,1,3,1,4328,81,0
10680,39,33235.0,1,0,1,3,1,4176,71,0
3265,66,35701.0,0,0,0,2,0,4499,36,0
5623,45,31535.0,1,0,1,3,1,4308,95,0
5832,65,92556.0,0,0,0,2,0,4102,32,0
5544,55,67384.0,0,1,1,2,1,4628,32,0
6417,54,80573.0,0,0,0,2,0,4655,85,0
5831,58,77870.0,0,1,1,3,1,4708,93,0
7101,62,52278.0,0,1,1,2,1,4552,24,0
10176,57,57107.0,0,1,1,2,1,4706,44,0
2326,35,18929.0,0,0,0,2,0,4530,15,0
4385,44,36038.0,1,0,1,2,1,4426,82,0
2929,49,20180.0,0,0,0,1,0,4526,27,0
10686,60,34230.0,1,1,2,4,1,4582,72,0
2546,48,31878.0,0,1,1,2,1,4039,7,0
3283,53,70932.0,0,1,1,3,1,4193,57,0
3138,69,91249.0,0,0,0,1,0,4649,84,0
4994,82,77598.0,0,0,0,1,0,4303,53,0
7966,66,80982.0,1,1,2,3,1,4569,48,1
3112,48,22701.0,1,0,1,3,1,4329,2,0
10872,56,55212.0,0,1,1,3,1,4615,65,0
2181,55,70617.0,0,0,0,2,0,4403,45,0
1867,68,64849.0,0,0,0,1,0,4625,42,0
1518,60,62694.0,1,1,2,4,1,4409,29,0
5734,51,61917.0,1,1,2,4,1,4253,83,0
2878,78,67472.0,0,1,1,3,1,4306,93,0
1458,43,21059.0,1,0,1,3,1,4205,40,0
7007,57,29543.0,2,0,2,4,1,4121,47,0
6200,74,75903.0,0,1,1,3,1,4479,50,0
1403,50,34984.0,1,1,2,4,1,4693,40,0
4827,69,54998.0,0,1,1,2,1,4508,3,0
6250,76,54356.0,0,1,1,2,1,4619,62,0
9291,66,34242.0,0,1,1,3,1,4130,25,0
2478,52,25410.0,1,0,1,3,1,4334,48,0
1139,41,73356.0,0,0,0,2,0,4175,56,0
5138,75,28320.0,0,1,1,3,1,4563,68,0
5393,48,23763.0,1,0,1,2,1,4723,64,0
10413,41,72570.0,0,0,0,2,0,4097,67,0
5015,49,34529.0,1,0,1,3,1,4685,94,0
10868,74,70792.0,0,0,0,1,0,4540,82,0
10676,43,63211.0,0,0,0,2,0,4636,3,0
2495,51,83891.0,0,1,1,3,1,4041,24,0
7842,57,36065.0,1,1,2,3,1,4487,54,0
9955,71,39898.0,0,1,1,3,1,4534,20,0
6663,85,51141.0,0,0,0,1,0,4388,96,0
2162,49,56939.0,0,1,1,3,1,4316,19,0
3434,74,80872.0,0,0,0,1,0,4080,60,0
7919,49,72335.0,0,0,0,2,0,4717,2,0
5626,61,61798.0,0,0,0,1,0,4250,13,0
6428,75,76842.0,0,0,0,1,0,4089,37,0
8514,49,29478.0,1,0,1,3,1,4195,59,0
10448,69,46998.0,0,1,1,2,1,4647,55,0
2109,35,96843.0,0,0,0,1,0,4464,60,0
7530,75,56551.0,1,1,2,3,1,4085,48,0
8925,60,70053.0,0,1,1,3,1,4393,38,0
3009,63,71670.0,0,0,0,1,0,4387,8,0
6355,47,44359.0,1,1,2,4,1,4044,19,0
3517,73,40887.0,1,1,2,3,1,4451,32,0
1158,59,48877.0,0,1,1,2,1,4207,27,0
6203,78,74485.0,0,0,0,2,0,4341,58,0
7165,53,64474.0,0,1,1,3,1,4282,59,0
3595,62,77226.0,0,1,1,3,1,4153,29,0
8537,76,72643.0,0,0,0,1,0,4519,60,0
4331,47,85738.0,0,0,0,2,0,4189,41,0
6281,59,55686.0,0,1,1,2,1,4532,27,0
4338,42,39062.0,1,0,1,2,1,4128,28,0
2452,54,34600.0,1,1,2,4,1,4576,8,0
9507,50,40794.0,0,1,1,3,1,4480,18,0
8360,54,54690.0,1,1,2,4,1,4266,76,0
10311,56,4428.0,0,1,1,3,1,4299,0,0
5117,62,32632.0,0,0,0,2,0,4728,32,0
4867,57,38236.0,1,1,2,3,1,4314,2,0
9289,46,36781.0,1,0,1,3,1,4112,16,0
10913,41,31385.0,1,0,1,2,1,4603,56,0
3032,41,24570.0,1,0,1,3,1,4519,97,0
8524,51,25509.0,1,0,1,2,1,4681,15,0
3334,74,94642.0,0,0,0,2,0,4169,35,0
4470,63,58646.0,0,1,1,3,1,4416,3,0
1406,50,53201.0,1,1,2,3,1,4534,49,0
8619,68,21994.0,0,1,1,3,1,4584,4,0
10821,47,57113.0,1,1,2,4,1,4540,45,0
4552,34,51373.0,0,0,0,2,0,4404,37,0
898,39,23477.0,1,0,1,3,1,4283,39,0
9797,69,58116.0,0,1,1,3,1,4109,38,0
10949,62,72968.0,0,0,0,1,0,4227,8,0
8212,54,39791.0,0,1,1,3,1,4490,89,0
6248,78,91712.0,0,0,0,1,0,4287,47,0
10164,67,94472.0,0,1,1,2,1,4119,75,0
4547,65,13672.0,1,1,2,4,1,4470,86,0
6815,45,96547.0,0,0,0,2,0,4069,4,0
4122,50,79205.0,0,0,0,2,0,4701,73,0
10841,50,56559.0,0,1,1,3,1,4583,46,0
5370,52,32644.0,1,0,1,3,1,4561,38,0
176,45,67506.0,0,1,1,2,1,4210,73,0
4860,55,24206.0,1,0,1,2,1,4510,66,0
10757,58,28420.0,1,0,1,2,1,4219,36,0
4023,55,22979.0,1,0,1,3,1,4693,29,0
6679,59,33279.0,0,0,0,1,0,4049,29,0
9923,53,46423.0,1,1,2,3,1,4316,6,0
7181,48,30368.0,0,1,1,3,1,4266,97,0
3599,55,63684.0,0,1,1,3,1,4612,61,0
405,61,41638.0,0,1,1,2,1,4533,68,0
6870,66,68805.0,0,1,1,2,1,4317,73,0
832,59,65814.0,0,1,1,3,1,4151,90,0
2002,67,71964.0,0,0,0,1,0,4437,81,0
3657,39,39146.0,1,0,1,2,1,4532,1,0
500,48,96876.0,0,0,0,2,0,4359,79,0
1951,44,34445.0,0,0,0,2,0,4550,92,0
3262,67,68281.0,0,0,0,1,0,4723,31,0
4102,50,37284.0,1,1,2,4,1,4489,46,0
7042,42,36790.0,0,0,0,2,0,4517,14,0
10598,58,27943.0,1,1,2,4,1,4472,89,0
255,74,22263.0,1,1,2,3,1,4123,31,1
2375,53,30261.0,1,2,3,5,1,4674,75,0
9829,47,28587.0,1,0,1,3,1,4169,42,0
6214,43,43815.0,1,0,1,3,1,4482,53,0
4954,69,48195.0,1,1,2,4,1,4191,53,0
7861,73,77027.0,0,1,1,3,1,4176,23,0
4837,60,71322.0,0,1,1,3,1,4530,57,0
9423,46,32765.0,1,0,1,3,1,4158,49,0
4198,60,29672.0,1,1,2,4,1,4506,6,0
153,72,23272.0,0,0,0,1,0,4287,29,0
9323,76,49912.0,0,1,1,3,1,4692,5,0
10001,40,7500.0,1,0,1,3,1,4729,98,0
3945,78,68117.0,0,1,1,2,1,4508,80,0
3799,70,67225.0,0,1,1,3,1,4247,4,0
8625,49,17649.0,1,0,1,3,1,4261,70,0
3491,50,55914.0,0,1,1,3,1,4458,32,0
983,41,40059.0,1,0,1,3,1,4306,82,0
9119,75,60905.0,0,1,1,3,1,4238,27,0
4786,48,75330.0,1,1,2,4,1,4665,94,0
5872,74,60689.0,0,1,1,2,1,4425,23,0
6568,41,38680.0,1,0,1,3,1,4490,97,0
5628,43,61416.0,0,0,0,2,0,4538,25,0
5631,34,49767.0,0,0,0,1,0,4455,92,0
4974,55,83273.0,1,2,3,4,1,4674,98,0
8416,44,29009.0,1,0,1,3,1,4244,19,0
5454,46,45057.0,1,0,1,3,1,4242,80,0
4095,54,37150.0,1,0,1,3,1,4688,80,0
5474,55,43020.0,1,0,1,2,1,4243,79,0
4268,66,53154.0,0,1,1,3,1,4052,50,0
10701,52,65308.0,0,0,0,2,0,4323,60,0
3507,55,76467.0,1,0,1,2,1,4713,44,0
2079,78,81044.0,0,0,0,2,0,4216,0,0
626,74,32871.0,1,1,2,4,1,4509,28,0
4426,50,55801.0,1,1,2,3,1,4312,35,0
2591,66,76320.0,0,1,1,2,1,4039,49,0
10509,70,36927.0,1,1,2,3,1,4059,46,0
6382,72,48794.0,1,1,2,4,1,4035,97,0
6673,60,23478.0,0,0,0,1,0,4499,51,0
7441,52,71128.0,1,0,1,2,1,4663,80,0
1071,49,70179.0,0,1,1,2,1,4375,10,0
10061,75,59462.0,0,1,1,3,1,4572,29,0
7187,56,51381.5,1,1,2,4,1,4439,52,0
8775,56,38361.0,1,0,1,3,1,4216,74,0
1612,44,51381.5,1,0,1,2,1,4426,82,0
2345,43,70038.0,0,0,0,2,0,4279,54,0
322,47,42554.0,1,1,2,4,1,4565,93,0
10897,51,67445.0,0,1,1,3,1,4718,63,0
123,74,67046.0,0,1,1,2,1,4571,92,0
6103,77,42192.0,0,0,0,2,0,4328,40,0
7899,73,77610.0,0,1,1,3,1,4640,70,0
10500,41,31761.0,1,0,1,3,1,4117,96,0
1655,46,34350.0,1,0,1,3,1,4285,81,0
2406,76,54591.0,0,1,1,3,1,4360,63,0
2712,69,71866.0,0,1,1,3,1,4218,85,0
5517,56,25293.0,1,0,1,3,1,4319,51,0
10643,38,42000.0,0,0,0,1,0,4567,23,0
2254,42,69520.0,0,0,0,2,0,4389,95,0
10281,55,64713.0,1,0,1,2,1,4174,11,0
6958,48,27889.0,1,0,1,3,1,4391,42,0
954,65,22123.0,0,0,0,1,0,4126,77,0
5079,54,51381.5,1,1,2,4,1,4515,82,0
10339,71,51381.5,0,1,1,3,1,4403,83,0
4643,52,27803.0,1,0,1,3,1,4704,40,0
3117,70,51381.5,0,1,1,2,1,4286,95,0
6497,65,51651.0,0,1,1,3,1,4631,32,0
5396,37,68487.0,0,0,0,2,0,4564,48,0
5250,82,51381.5,0,0,0,1,0,4274,75,0
1052,56,56796.0,0,1,1,3,1,4530,24,0
2802,33,87000.0,0,0,0,2,0,4593,61,0
6343,66,79823.0,0,1,1,3,1,4122,6,0
6507,45,30828.0,1,0,1,2,1,4300,16,0
7901,54,34109.0,0,1,1,3,1,4267,39,0
4865,51,53367.0,1,1,2,3,1,4334,2,0
2686,56,22390.0,0,0,0,2,0,4283,49,0
3107,49,71322.0,0,1,1,3,1,4090,31,0
7734,32,79244.0,0,0,0,1,0,4589,58,0
1146,76,49912.0,0,1,1,3,1,4692,5,0
11031,75,48699.0,1,1,2,4,1,4436,90,0
7428,50,80144.0,0,0,0,2,0,4304,47,0
975,69,54252.0,1,1,2,3,1,4429,25,0
1103,49,81929.0,1,0,1,3,1,4670,60,0
3422,50,76068.0,0,1,1,3,1,4609,67,0
1055,49,53204.0,1,1,2,4,1,4133,40,0
6544,76,67911.0,0,1,1,3,1,4070,63,0
1241,41,14796.0,1,0,1,3,1,4682,1,0
2909,51,78128.0,0,1,1,3,1,4162,89,0
5802,53,14188.0,0,0,0,2,0,4518,40,0
1407,39,20425.0,1,0,1,3,1,4640,5,0
6183,63,58646.0,0,1,1,3,1,4416,3,0
340,55,72967.0,0,1,1,2,1,4593,1,0
5991,76,48150.0,0,1,1,3,1,4418,24,0
3104,64,82332.0,0,0,0,1,0,4682,89,0
9729,70,58275.0,1,1,2,3,1,4424,48,0
1008,44,44953.0,0,0,0,2,0,4587,31,0
11091,72,34587.0,1,1,2,4,1,4076,68,0
3969,51,43018.0,0,1,1,3,1,4272,46,0
1916,71,45736.0,0,1,1,3,1,4372,92,0
9907,56,66476.0,0,1,1,3,1,4239,80,0
87,44,27733.0,1,0,1,3,1,4339,16,0
8659,73,69805.0,0,1,1,3,1,4191,50,0
6262,63,72217.0,0,0,0,1,0,4477,93,0
6147,54,25818.0,1,0,1,2,1,4651,51,0
8832,49,37509.0,1,0,1,3,1,4687,24,0
10067,49,25176.0,1,1,2,4,1,4355,79,0
7532,45,43586.0,0,1,1,3,1,4700,26,0
4915,69,53230.0,0,1,1,3,1,4727,86,0
2115,68,50116.0,1,1,2,4,1,4041,68,0
2088,53,84906.0,0,0,0,2,0,4300,98,0
2493,59,61286.0,0,1,1,3,1,4363,34,0
6292,39,82333.0,0,0,0,2,0,4488,60,0
1631,60,65220.0,0,0,0,2,0,4696,3,0
10104,51,33590.0,2,1,3,5,1,4270,65,0
3006,49,30992.0,1,0,1,2,1,4465,83,0
3919,49,72309.0,0,0,0,1,0,4507,64,0
11181,76,156924.0,0,0,0,2,0,4336,85,0
642,45,16005.0,1,0,1,3,1,4716,69,0
4369,68,65487.0,0,0,0,1,0,4202,48,0
10127,60,58692.0,0,1,1,3,1,4116,21,0
271,56,40590.0,1,1,2,3,1,4302,30,0
4973,55,20587.0,1,0,1,2,1,4081,39,0
2948,71,62637.0,0,1,1,2,1,4152,76,0
2715,59,29435.0,1,1,2,3,1,4724,11,0
10432,51,19346.0,1,0,1,2,1,4182,26,0
9216,54,35788.0,1,1,2,4,1,4189,34,0
7124,57,36997.0,1,1,2,3,1,4545,72,0
9727,68,23539.0,0,0,0,2,0,4153,13,0
5136,52,65333.0,0,1,1,2,1,4195,58,0
9790,68,78499.0,0,0,0,1,0,4250,12,0
1818,54,29732.0,1,0,1,3,1,4128,23,0
1100,65,41275.0,1,2,3,5,1,4129,33,0
7873,52,63516.0,1,1,2,4,1,4390,30,0
10609,63,42769.0,0,1,1,3,1,4292,15,0
6950,67,49572.0,1,1,2,4,1,4228,25,0
7233,53,69209.0,0,0,0,2,0,4682,4,0
9481,49,17148.0,1,0,1,3,1,4184,80,0
7699,56,40590.0,1,1,2,3,1,4302,30,0
2711,49,30560.0,1,0,1,3,1,4399,6,0
8933,42,32146.0,1,0,1,3,1,4080,16,0
8726,61,41713.0,1,1,2,3,1,4093,57,0
1515,50,34176.0,0,1,1,3,1,4190,9,0
5186,70,58482.0,0,1,1,3,1,4141,59,0
10157,60,59686.0,0,1,1,2,1,4187,78,0
5667,61,60896.0,0,1,1,3,1,4658,90,0
902,45,62994.0,1,0,1,3,1,4149,74,0
977,68,47320.0,0,1,1,3,1,4364,10,0
7313,76,74859.0,0,0,0,1,0,4423,63,0
7600,33,15253.0,1,0,1,2,1,4276,13,0
9706,51,31560.0,1,0,1,2,1,4402,98,0
2429,71,72071.0,0,1,1,2,1,4532,4,0
3520,35,91172.0,0,0,0,1,0,4491,94,0
10394,41,90000.0,0,0,0,2,0,4220,91,0
4548,44,41967.0,1,1,2,3,1,4250,66,0
9362,60,69263.0,0,1,1,2,1,4148,14,0
3968,55,65706.0,0,0,0,1,0,4398,77,0
4084,50,60934.0,0,1,1,3,1,4195,41,0
6721,74,71965.0,0,1,1,3,1,4367,21,0
2829,70,65210.0,0,1,1,3,1,4143,25,0
1772,50,79174.0,0,0,0,2,0,4566,2,0
1544,58,81380.0,0,0,0,1,0,4586,51,0
492,52,48432.0,0,1,1,2,1,4651,3,0
4377,54,52914.0,0,1,1,3,1,4570,32,0
4541,70,38946.0,0,1,1,3,1,4280,84,0
1321,51,26067.0,1,0,1,3,1,4269,49,0
8858,53,44325.0,0,1,1,3,1,4511,69,0
3266,61,42523.0,0,0,0,2,0,4099,96,0
11187,47,26487.0,1,0,1,2,1,4437,23,0
8207,68,53233.0,0,1,1,3,1,4135,18,0
9723,65,67716.0,0,1,1,3,1,4567,8,0
2666,53,76234.0,0,1,1,3,1,4175,21,0
5721,69,84117.0,0,0,0,2,0,4081,60,0
10652,68,65487.0,0,0,0,2,0,4202,48,0
1646,53,25224.0,1,0,1,3,1,4137,36,0
4418,42,89616.0,0,0,0,1,0,4521,36,0
2656,54,40851.0,1,1,2,3,1,4525,63,0
7990,78,27469.0,0,0,0,2,0,4728,2,0
8722,68,82347.0,0,0,0,2,0,4632,38,0
7118,68,73803.0,0,1,1,3,1,4729,61,0
2980,73,8820.0,1,1,2,3,1,4496,52,0
1839,51,43322.0,0,0,0,1,0,4101,25,0
10722,52,55593.0,0,1,1,3,1,4344,63,0
2632,71,50501.0,1,1,2,4,1,4408,10,0
9014,50,37085.0,1,1,2,4,1,4035,65,0
7620,35,16185.0,1,0,1,2,1,4360,71,0
10968,56,57731.0,0,1,1,2,1,4615,0,0
11133,52,48432.0,0,1,1,2,1,4651,3,0
2736,47,73807.0,0,1,1,3,1,4575,88,0
1876,35,18929.0,0,0,0,2,0,4530,15,0
5959,57,35893.0,1,1,2,3,1,4654,80,0
1092,45,61014.0,0,1,1,3,1,4719,17,0
4333,71,32144.0,1,1,2,4,1,4130,76,0
3850,62,14918.0,0,1,1,3,1,4601,52,0
6168,62,45146.0,1,1,2,3,1,4381,28,0
607,70,41769.0,0,1,1,2,1,4533,31,0
10469,44,88325.0,0,0,0,2,0,4176,42,0
6983,75,38054.0,1,1,2,3,1,4091,24,0
3661,30,80617.0,0,0,0,1,0,4657,42,0
9303,49,5305.0,0,1,1,3,1,4366,12,0
692,71,36807.0,1,1,2,4,1,4588,88,0
736,42,28427.0,1,0,1,3,1,4497,67,0
9589,77,82032.0,0,0,0,1,0,4117,54,0
4838,47,22775.0,1,0,1,3,1,4407,40,0
9246,40,40101.0,1,0,1,3,1,4655,73,0
6261,46,58025.0,0,1,1,3,1,4247,81,0
7366,43,75777.0,0,0,0,1,0,4392,12,0
10659,46,7500.0,1,0,1,3,1,4450,7,0
1448,62,33562.0,1,2,3,5,1,4036,33,0
4286,55,57642.0,0,1,1,2,1,4203,24,0
4749,57,58554.0,1,1,2,4,1,4673,55,0
4478,46,63777.0,1,1,2,4,1,4494,87,0
4201,63,57967.0,0,1,1,2,1,4515,39,0
8720,47,51381.5,0,0,0,2,0,4718,53,0
10084,53,24434.0,2,0,2,4,1,4074,9,0
7004,41,11012.0,1,0,1,2,1,4502,82,0
9817,55,44802.0,0,0,0,1,0,4709,71,0
8080,39,26816.0,0,0,0,1,0,4713,50,0
8372,51,34421.0,1,0,1,3,1,4395,81,0
10870,58,61223.0,0,1,1,3,1,4413,46,0
4001,79,64014.0,2,1,3,5,1,4051,56,0
7270,44,56981.0,0,0,0,1,0,4187,91,0
8235,69,69245.0,0,1,1,3,1,4188,8,0
9405,71,52869.0,1,1,2,4,1,4654,40,0
